round,client_22_removal_criterion,client_8_removal_criterion,client_95_removal_criterion,client_42_removal_criterion,client_31_removal_criterion,client_90_removal_criterion,client_80_removal_criterion,client_70_removal_criterion,client_50_removal_criterion,client_91_removal_criterion,client_49_removal_criterion,client_25_removal_criterion,client_23_removal_criterion,client_87_removal_criterion,client_47_removal_criterion,client_20_removal_criterion,client_4_removal_criterion,client_32_removal_criterion,client_39_removal_criterion,client_58_removal_criterion,client_65_removal_criterion,client_83_removal_criterion,client_53_removal_criterion,client_21_removal_criterion,client_9_removal_criterion,client_94_removal_criterion,client_11_removal_criterion,client_68_removal_criterion,client_26_removal_criterion,client_60_removal_criterion,client_63_removal_criterion,client_27_removal_criterion,client_24_removal_criterion,client_78_removal_criterion,client_97_removal_criterion,client_81_removal_criterion,client_62_removal_criterion,client_29_removal_criterion,client_79_removal_criterion,client_28_removal_criterion,client_13_removal_criterion,client_40_removal_criterion,client_98_removal_criterion,client_2_removal_criterion,client_1_removal_criterion,client_45_removal_criterion,client_57_removal_criterion,client_6_removal_criterion,client_72_removal_criterion,client_30_removal_criterion,client_99_removal_criterion,client_76_removal_criterion,client_37_removal_criterion,client_36_removal_criterion,client_67_removal_criterion,client_10_removal_criterion,client_88_removal_criterion,client_43_removal_criterion,client_55_removal_criterion,client_59_removal_criterion,client_16_removal_criterion,client_86_removal_criterion,client_15_removal_criterion,client_93_removal_criterion,client_56_removal_criterion,client_12_removal_criterion,client_0_removal_criterion,client_82_removal_criterion,client_92_removal_criterion,client_35_removal_criterion,client_51_removal_criterion,client_84_removal_criterion,client_71_removal_criterion,client_3_removal_criterion,client_7_removal_criterion,client_38_removal_criterion,client_14_removal_criterion,client_69_removal_criterion,client_18_removal_criterion,client_74_removal_criterion,client_34_removal_criterion,client_48_removal_criterion,client_73_removal_criterion,client_77_removal_criterion,client_41_removal_criterion,client_17_removal_criterion,client_52_removal_criterion,client_44_removal_criterion,client_89_removal_criterion,client_46_removal_criterion,client_75_removal_criterion,client_61_removal_criterion,client_64_removal_criterion,client_54_removal_criterion,client_85_removal_criterion,client_66_removal_criterion,client_33_removal_criterion,client_96_removal_criterion,client_5_removal_criterion
1,0.13834691047668457,0.40025925636291504,0.5364847183227539,0.25385284423828125,0.7473592758178711,0.3983750343322754,0.5382485389709473,0.04071211814880371,0.03505682945251465,0.6858353614807129,0.044068098068237305,0.12008857727050781,0.19908618927001953,0.5947959423065186,0.8076179027557373,0.037134647369384766,0.15478086471557617,0.35050106048583984,0.43347811698913574,0.20187830924987793,0.3864927291870117,0.5692801475524902,0.10024809837341309,0.17997956275939941,0.5255153179168701,0.558161735534668,0.6551480293273926,0.6004295349121094,0.224806547164917,0.029451847076416016,0.3476717472076416,0.7988901138305664,0.21611690521240234,0.2630488872528076,0.8362307548522949,0.35808706283569336,0.5467402935028076,0.06942915916442871,0.31803464889526367,0.5413854122161865,0.553879976272583,0.2720153331756592,0.9656147956848145,0.28711628913879395,0.310899019241333,0.10755062103271484,0.5133349895477295,0.11394596099853516,0.31588053703308105,0.3009037971496582,0.2835526466369629,0.03835558891296387,0.10689640045166016,0.4071469306945801,0.3993961811065674,0.7875092029571533,0.2697010040283203,0.23478055000305176,0.11652159690856934,0.43300342559814453,0.4237964153289795,0.5522987842559814,0.6518368721008301,1.0,0.3822286128997803,0.5867915153503418,0.33293914794921875,0.6300761699676514,0.5969159603118896,0.4393174648284912,0.3069121837615967,0.7502963542938232,0.05428504943847656,0.02616286277770996,0.4394536018371582,0.26552844047546387,0.4952669143676758,0.5783867835998535,0.11704158782958984,0.005287885665893555,0.5169720649719238,0.14056992530822754,0.3781144618988037,0.10604214668273926,0.0,0.8553588390350342,0.1212613582611084,0.21526122093200684,0.725836992263794,0.32290005683898926,0.2329390048980713,0.4707317352294922,0.39681029319763184,0.28600072860717773,0.6300349235534668,0.36548519134521484,0.32052111625671387,0.8398983478546143,0.24818134307861328
2,0.2664589762687683,0.3089495301246643,1.166208529472351,0.35233780145645144,0.6045403897762299,1.1529186964035034,0.47355932593345645,0.14035176634788513,0.20909543037414552,1.171343445777893,0.18433344960212708,0.1372992843389511,0.3722824156284332,1.2336507976055144,0.6381288647651673,0.2426202714443207,0.18042790591716767,0.3639226913452148,0.342341411113739,0.22736684083938596,0.34898525476455683,1.2246356666088105,0.1369568556547165,0.274340945482254,0.45365255475044247,1.1874234914779662,1.363459724187851,0.4810003340244293,0.23709070682525635,0.14476988315582276,0.3670061111450196,0.6156691312789917,0.33510268330574033,0.2364865869283676,1.3335052788257598,0.9491690397262573,0.5572197914123536,0.11777297258377074,0.30217201113700864,0.5367957770824432,1.187369519472122,0.24120678305625914,1.5810881376266477,0.3146293699741363,1.0840750217437745,0.10209351480007171,0.48435021638870235,0.25967445373535153,0.2453951686620712,0.2860035181045532,1.0213047862052917,0.08591172695159913,0.08116755187511443,0.26823971569538113,0.450871080160141,1.2971424520015715,1.1928189456462859,0.24673517346382143,0.2863233983516693,0.47194995880126955,1.0406761467456818,1.1207734763622286,1.2260259211063385,1.5481939911842346,0.46427239775657647,1.1873271346092225,1.1004164397716523,1.3349213242530822,1.057960206270218,0.3482889503240585,0.31224423646926874,1.1902061164379119,0.16035901308059694,0.23225579261779786,0.45260438323020935,0.24793082475662231,1.1995980143547058,0.49691722393035886,0.1388064444065094,0.0355919748544693,0.48293522596359256,0.22165446281433107,0.36930513978004453,0.15870825946331024,0.0,1.4427715182304381,0.10324487984180451,0.23155952095985413,1.3136262178421019,0.2622186720371247,0.2116123765707016,0.46249080896377565,0.3206200629472732,0.34750698208808894,1.2636373698711394,0.36429741978645325,0.34267226457595823,1.3034692347049714,0.17424930930137633
3,0.34267254173755646,0.30397982001304624,1.6907342761754989,0.3260612070560455,0.6695625811815262,1.594916906952858,0.5025891840457916,0.16098529696464536,0.1534033715724945,1.6314609616994857,0.2098077416419983,0.16024317145347594,0.3988733381032944,1.6941352635622022,0.6428593069314956,0.3055419057607651,0.23403674662113189,0.46507550179958346,0.3775705188512802,0.2699293226003646,0.44232851564884185,1.7210114508867262,0.155230113863945,0.36575283110141754,0.5255434334278107,1.7132185429334639,1.8297126442193985,0.587948140501976,0.2876327306032181,0.10360904037952423,0.42608915865421293,0.7397447377443314,0.34336550533771515,0.24693368673324587,1.85649553835392,1.4212788075208664,0.6503805488348007,0.12348182201385499,0.3166204959154129,0.6622401505708694,1.685850629210472,0.23569746315479279,2.0721077233552934,0.29651603400707244,1.598236533999443,0.10306617617607117,0.6202930897474288,0.3196478873491287,0.2658543258905411,0.3787263005971908,1.4404703706502915,0.0800881564617157,0.08843783140182494,0.3737485557794571,0.42436078786849973,1.8202602833509445,1.5397223502397537,0.2809109091758728,0.3086346298456192,0.5453982621431351,1.5518940001726151,1.579155585169792,1.7743777304887771,2.1728634566068648,0.4916076958179474,1.7359698981046678,1.5270074635744095,1.8471880048513412,1.5876467198133466,0.42485089302062984,0.38044025003910065,1.6669642060995102,0.17370572984218596,0.2411835879087448,0.4939037591218948,0.29604534804821014,1.6843144863843917,0.5347582638263702,0.2001589924097061,0.02029273211956024,0.5523201078176498,0.20255937278270722,0.38319939970970157,0.16354589760303498,0.045403200387954715,1.9390014320611955,0.15945807695388792,0.2153459548950195,1.7938502162694931,0.321883562207222,0.27254631519317624,0.4754109531641006,0.422426700592041,0.3916124016046524,1.7387919515371322,0.4517932921648026,0.40014903843402866,1.844851431250572,0.2153103768825531
4,0.5073254078626632,0.3624990344047546,2.2452544957399367,0.40876883864402774,0.8263584405183791,2.0739711076021194,0.5795025825500487,0.22753489017486572,0.2730734050273895,2.139290109276771,0.31481111645698545,0.20247382819652557,0.5640565067529678,2.232302424311638,0.7619482785463333,0.4339662343263626,0.2965802311897278,0.5177198618650436,0.4452691584825516,0.392850199341774,0.5785765022039413,2.120379707217216,0.23750101923942565,0.4358972460031509,0.6586679756641388,2.1756810694932933,2.369199040532112,0.705437198281288,0.3775111228227615,0.24868519604206085,0.5117418199777604,0.850939717888832,0.46026982367038727,0.3295015960931778,2.392450287938118,1.8714442163705824,0.7460735231637955,0.16838994920253753,0.40219917595386506,0.7971524447202682,2.179075929522514,0.31361744105815886,2.566077521443367,0.3196237415075302,2.107637038826942,0.2497079998254776,0.7523760229349136,0.4583053201436997,0.2954580724239349,0.5048153430223464,1.8263414353132248,0.17766128182411192,0.133490651845932,0.4619196355342865,0.5199239492416382,2.3300909072160723,2.065155240893364,0.437276417016983,0.4400663644075393,0.7006845146417617,2.116292181611061,2.168049421906471,2.3171823114156718,2.7626317530870437,0.582557201385498,2.2901016920804973,2.0362870901823045,2.491196545958519,2.0563075631856913,0.49442274272441866,0.42746922075748445,2.1669014245271683,0.2449699193239212,0.40052694380283355,0.5815102010965347,0.36865356266498567,2.1121097654104233,0.6441975951194763,0.20549339056015015,0.10688104033470154,0.6781687349081039,0.23366261124610901,0.5066647708415984,0.2768104553222656,0.09989923238754272,2.5532357305288316,0.12902935445308686,0.3478589117527008,2.3559012502431873,0.41470088660717014,0.3432147055864334,0.6313669115304946,0.424852192401886,0.543114498257637,2.27767621576786,0.5064236491918563,0.501868823170662,2.399545660614967,0.25630863606929777
5,0.6328402489423752,0.46147658526897434,2.747613635659218,0.47114723622798915,0.9288488000631332,2.4843076020479202,0.6735192447900772,0.33722759187221524,0.36380672156810756,2.6452994614839556,0.38461882174015044,0.3267839044332504,0.7095615237951278,2.694613906741142,0.8826511532068252,0.5500561207532882,0.421698459982872,0.7071216970682144,0.659950652718544,0.555243507027626,0.6962510138750077,2.600361832976341,0.3040857702493667,0.6253963619470595,0.7188336879014969,2.7205736964941027,2.680495861172676,0.8256157785654068,0.467084601521492,0.267357662320137,0.6587136715650559,0.8878934472799301,0.6136756330728531,0.42955526411533357,2.8390994280576702,2.282293823361397,0.9712736338376998,0.29989615082740784,0.5060745388269424,0.9556717306375503,2.7012079924345014,0.3541357427835464,3.134468963742256,0.5040998250246048,2.5969300955533976,0.3558767944574356,0.8883266180753707,0.603194287419319,0.4425080567598343,0.6246496707201004,2.272245189547539,0.22085587084293365,0.1755785822868347,0.5395117074251174,0.6301473110914231,2.817821988463402,2.3985002666711805,0.5627977699041367,0.6235430747270583,0.8284641236066818,2.5574526518583296,2.686937925219536,2.8112215787172317,3.3045521706342695,0.8204027742147446,2.929054394364357,2.559167513251304,2.911667510867119,2.5316495567560198,0.6186865597963332,0.5823306173086166,2.623473259806633,0.35406649410724644,0.4909699648618698,0.6573843687772751,0.4710750311613083,2.7028431326150892,0.8019277065992355,0.2967791616916656,0.16532024443149565,0.823347219824791,0.36537151932716366,0.6020624428987502,0.3531134456396103,0.06581528782844544,3.060743495821953,0.21293627321720124,0.42252200543880464,2.8068819433450702,0.4821993082761764,0.4797124594449997,0.7683536261320114,0.5298818230628967,0.6939807087182999,2.7968713372945784,0.618859115242958,0.6319454699754715,2.976452907919884,0.31762065291404723
6,0.7331596821546554,0.4662265986204147,3.3218816787004473,0.5984498590230941,1.0285676568746567,2.990356573462486,0.7601816087961196,0.46249033510684967,0.3777048021554947,3.267454245686531,0.45680499970912936,0.36134603917598723,0.9242138296365737,3.2234433442354202,0.9472010821104049,0.6849847525358199,0.487342569231987,0.7858455210924148,0.7050766736268997,0.6664262920618057,0.7951770156621933,3.0488604873418805,0.28875864446163174,0.6665999263525009,0.7928706675767898,3.273144492506981,2.9676795989274978,0.857372036576271,0.6126428753137587,0.3295494943857193,0.7836042314767837,0.944875493645668,0.6554413408041,0.47170603573322295,3.3524643272161483,2.875650802254677,1.092074230313301,0.2734551161527634,0.5686619371175765,1.0501946657896042,3.11824668943882,0.4152241677045822,3.6680603355169294,0.5143667727708816,3.186429008841514,0.36036287248134613,0.9295759409666061,0.6010472565889359,0.4662147253751755,0.7385898739099502,2.649986818432808,0.2834607511758804,0.14686902463436124,0.5438760310411453,0.759263762831688,3.3651502043008805,2.737423542141914,0.5898144572973251,0.6536495238542556,0.9294281095266342,3.0690440863370894,3.2142671853303906,3.3101785033941264,3.900131818652153,0.8903747111558914,3.5245926707983015,3.0699774414300918,3.5100086361169818,2.963883766531944,0.6930774241685868,0.5984778076410293,3.189566698670387,0.3896366566419602,0.5690867215394974,0.777864071726799,0.548158112168312,3.2607750147581096,0.8915311604738235,0.36486006677150723,0.14623696506023406,0.9004599481821061,0.4675266236066818,0.6881681829690933,0.355510202050209,0.19276852011680604,3.595681354403496,0.20085531771183013,0.5365533202886581,3.4337758749723437,0.5124076336622237,0.4982710987329483,0.7860514730215072,0.6055228024721147,0.7291125863790512,3.3614076286554337,0.6851927012205123,0.7350828260183334,3.4962338000535964,0.3406624644994735
7,0.8576806128025055,0.48935350179672243,3.887704890966415,0.5527103662490844,1.1193176448345183,3.3113329648971557,0.8167518556118011,0.5228932917118073,0.39011297225952146,3.6920518457889555,0.5316945731639863,0.4269125580787659,1.0208011984825134,3.5742190539836884,1.001298713684082,0.8259732723236084,0.509982454776764,0.8508845150470734,0.7461741805076598,0.7627943158149719,0.8968167722225189,3.5393941760063172,0.3172514259815216,0.7313977658748627,0.8281297743320465,3.8227133572101595,3.463038498163223,0.9652092993259429,0.6535158574581147,0.38479431867599484,0.7564257860183716,1.1218104779720308,0.8703561007976531,0.5463952541351319,3.884687715768814,3.2586944162845612,1.2616510093212125,0.34375338554382323,0.606515109539032,1.126474994421005,3.5435451388359067,0.3893913686275482,4.296055942773819,0.5574317038059234,3.6209586441516874,0.4199674367904663,1.089109444618225,0.7334487318992615,0.4834685862064362,0.7773853659629821,3.0052143156528475,0.2481971263885498,0.15049980282783507,0.5506306886672974,0.8628539323806763,3.8150334775447847,3.189195680618286,0.5827121019363404,0.7739592373371124,1.02621374130249,3.232453590631485,3.712614685297012,3.9235795915126803,4.513127321004867,0.9876061677932738,4.0250025451183316,3.4908492147922514,3.762809145450592,3.435278522968292,0.7944505989551545,0.6989631414413452,3.601591926813126,0.3801355242729187,0.7459513247013091,0.7871709942817687,0.5523165166378021,3.7173496901988985,0.9351660788059235,0.36944501996040346,0.1407103657722473,1.0306756734848024,0.3980976939201355,0.7258145034313201,0.3723288238048553,0.13765825629234313,4.002603060007095,0.2753420531749725,0.5783417463302611,3.9966327607631684,0.5553481042385101,0.5607606887817383,0.8986949682235718,0.7335574090480804,0.8364470541477204,3.7116260349750516,0.8064199030399323,0.7863505780696869,4.101715511083603,0.3152589440345764
8,0.9934917986392975,0.6067946553230286,4.445779728889465,0.6128815770149231,1.191456139087677,3.7314601361751554,0.942822754383087,0.6945346236228942,0.5258649945259094,4.290050065517425,0.5833599150180816,0.5085104882717133,1.1481010794639588,4.078918635845184,1.0996938169002533,0.9426445543766021,0.4784334301948547,0.9276980221271515,0.8710505962371826,0.8618485689163208,1.02646262049675,3.930849623680115,0.3810612320899963,0.8753019452095031,0.9296056926250458,4.33249216079712,3.8572720408439634,1.0773641467094421,0.7837786257266999,0.4497352957725525,0.821480256319046,1.2438075840473175,0.86698899269104,0.6208401441574096,4.38481605052948,3.819789779186249,1.3506433904170991,0.3394871652126312,0.7077965795993805,1.3295261442661284,4.022080099582673,0.38846989870071413,4.812244939804076,0.7197641253471374,4.200609767436982,0.5282242298126221,1.2375151634216308,0.9189474284648895,0.53712420463562,0.9488027155399322,3.4184733510017393,0.33663095235824586,0.1838545083999634,0.6060440659523011,1.0116047382354738,4.40778284072876,3.518048810958862,0.7569931864738464,0.8609660506248473,1.2204039156436919,3.6742421686649323,4.2920489549636835,4.309529471397401,5.090419459342956,1.1165812730789184,4.581994497776031,4.081654822826385,4.485722213983536,3.955616748332977,0.8819174766540527,0.7882951200008392,4.24008321762085,0.38046435713768,0.8867648541927338,0.935139775276184,0.6520336329936981,4.200600266456603,1.091254323720932,0.4968821287155151,0.14129013419151307,1.0954798519611357,0.42030927538871765,0.795068871974945,0.5814113736152648,0.1729530930519104,4.527131676673889,0.2834080815315247,0.7372252583503722,4.590387415885925,0.6986304640769958,0.6320915639400482,1.0179093837738036,0.8021990478038789,0.9615935504436494,4.318690872192383,0.9934493362903595,0.9735049307346344,4.7167477846145625,0.4088818788528442
9,1.145053291320801,0.6937636733055115,5.032808423042297,0.6744284570217133,1.3312179267406463,4.096299791336059,1.0208548069000243,0.822382116317749,0.6397383511066437,4.77647374868393,0.6545299351215362,0.66624214053154,1.2608023047447203,4.444254922866821,1.2669537127017974,1.1216377019882202,0.6439956843852996,1.0214970767498015,0.9951977670192718,1.0185110330581666,1.204149305820465,4.396337652206421,0.4497588753700256,1.0251806259155274,1.0009744048118592,4.7977624297142025,4.071720290184021,1.2126381754875184,0.9131439268589019,0.4941976428031921,1.0431217074394226,1.399123704433441,1.0730489432811738,0.7202177822589874,4.888788795471191,4.316835939884186,1.5159091174602508,0.5033056318759919,0.7837227284908295,1.4839066803455352,4.391457998752594,0.456626695394516,5.3497363209724424,0.8058390378952026,4.609769880771637,0.675381177663803,1.3303110301494598,1.0626827955245972,0.5630939364433288,0.9762982666492462,3.807042169570923,0.29526451230049133,0.2772588014602661,0.7579830884933471,1.1540612995624542,4.917238843441009,3.931693410873413,0.7708088159561157,0.9740831971168518,1.2889274656772614,3.982867592573166,4.818583381175994,4.774351894855499,5.641710364818573,1.3659272670745848,5.208370471000671,4.5547390341758724,5.013431787490845,4.460784411430359,0.9763620793819427,0.8744580805301666,4.635931491851807,0.4909740328788757,1.0214772164821624,0.9695489466190338,0.7292457699775696,4.60548483133316,1.2036606073379517,0.6479879796504974,0.28445116281509397,1.2970877408981323,0.49781776666641236,0.9510147273540496,0.6568659007549286,0.27496901750564573,4.9965734481811515,0.3156577944755554,0.7861869990825653,5.141886532306671,0.7219602525234222,0.7516980409622193,1.126815140247345,0.9344799280166626,1.0944781005382536,4.759247636795044,1.1441438138484954,1.1133839190006256,5.314735317230224,0.3759738147258758
10,1.333217853307724,0.8336276710033416,5.568495136499405,0.6402996897697448,1.5027334928512572,4.464748150110244,1.1916614353656767,1.11214959025383,0.7606813430786132,5.442490416765213,0.8298856854438781,0.7356608629226684,1.442250210046768,4.885536414384842,1.2923062384128572,1.2868386566638945,0.7956278383731842,1.2856849074363708,1.1053457677364351,1.185837197303772,1.4377377152442932,4.670279812812805,0.613009226322174,1.2819890856742857,1.2145317494869232,5.2344713628292086,4.5136008083820345,1.430319160223007,1.1176810681819913,0.5822576999664306,1.230296939611435,1.6042892932891846,1.2352878093719482,0.8689621269702911,5.312031263113022,4.943685811758042,1.702486079931259,0.5795963406562804,0.9997528314590455,1.7291147828102111,4.905278831720351,0.558033263683319,5.9600546777248375,0.9495693027973175,5.133021825551986,0.8056805670261382,1.537883585691452,1.2032081484794617,0.7520292341709137,1.242021518945694,4.190691858530044,0.29944256544113157,0.3122624695301056,0.8403839409351349,1.3083949625492097,5.522202724218368,4.14165153503418,0.820406812429428,1.181989985704422,1.479495745897293,4.47680054306984,5.435463088750839,5.268470376729965,6.129537683725356,1.554129773378372,5.572688394784928,5.006272774934769,5.492704051733017,4.92688335776329,1.1171493351459503,0.987538331747055,5.239307647943496,0.5279671013355254,1.12410991191864,1.0617763578891752,0.933618837594986,5.069616574048996,1.4122059047222137,0.7591381251811982,0.4160945832729339,1.569563567638397,0.6945508360862731,1.058933389186859,0.8074704945087433,0.3337289750576019,5.476550287008285,0.4203079640865326,0.9195727467536926,5.662052506208419,0.8197524964809417,0.8818114578723908,1.2548229217529296,1.00636550784111,1.2306684732437132,5.194378107786179,1.3715909719467163,1.2716474771499635,5.881149393320084,0.5170450091361999
11,1.4887508690357207,0.8451590418815613,6.17970626950264,0.820539927482605,1.578432434797287,4.790411633253097,1.3687122344970701,1.1516986429691314,0.7089824497699737,5.883857554197312,0.8902348637580871,0.771327942609787,1.6467697739601135,5.152551871538162,1.4212791204452513,1.3899079620838166,0.950707197189331,1.4476220667362214,1.2989208877086638,1.3497562885284424,1.398494505882263,5.097079348564147,0.6230647385120391,1.3104765713214874,1.3030719518661498,5.593178135156631,4.870857065916061,1.5196351051330566,1.2231856644153594,0.6825584113597869,1.3942600786685944,1.7068204164505003,1.531758087873459,0.8318020582199097,5.7113922894001,5.471767705678939,1.8367255866527556,0.6310317933559417,1.0222399950027463,1.8520971477031707,5.183296829462051,0.5773588836193084,6.566654974222183,1.032593524456024,5.437152916193008,0.9033064723014831,1.7669821202754974,1.3259776175022124,0.6709626913070679,1.2594234228134153,4.396929198503495,0.4693857908248901,0.3569631040096283,0.9586536824703217,1.4149877786636351,5.95710044503212,4.523049032688141,0.9497916460037231,1.2550382733345031,1.578313422203064,4.578049224615096,5.991888469457626,5.629907315969467,6.714821726083755,1.5817773282527923,5.995297402143478,5.358909100294112,5.882722610235214,5.3853873908519745,1.1428970515727996,1.0320177197456357,5.622736197710037,0.5148631453514099,1.232636886835098,1.1833743333816529,0.9717382133007049,5.508929377794265,1.5223385632038116,0.7141134917736053,0.441811591386795,1.6930545330047606,0.7333062767982483,1.052120065689087,0.7794288158416748,0.2855534017086029,5.897485762834549,0.4240026533603668,0.9119370162487029,6.310174041986465,0.8520826458930969,1.029400360584259,1.4456890940666198,1.1580834925174712,1.5047379195690156,5.662916535139084,1.4552442073822023,1.4490071177482604,6.343401938676834,0.6379014372825623
12,1.6824323415756224,1.0274159312248228,6.7356486260890955,1.0921033799648285,1.6691421449184416,5.224069947004318,1.4437953770160674,1.2792454838752747,0.9747031152248382,6.504865950345993,0.9355406105518341,0.974844878911972,1.9541839301586152,5.545966833829879,1.4907745897769928,1.6590845704078674,1.1039683341979978,1.5537669599056245,1.3387036859989165,1.4810695528984068,1.5219386637210846,5.607677239179611,0.7658061861991882,1.5111983239650726,1.521954882144928,6.151572030782699,5.134285205602645,1.6414200723171233,1.4187871932983398,0.6502461552619935,1.6444102704524992,1.9553342938423157,1.6735195875167845,0.8995279490947723,6.064201921224594,5.965259641408919,1.9647035598754883,0.807366919517517,1.1013052225112916,1.9754400610923766,5.598728591203689,0.7303936362266541,7.160262078046798,1.24440780878067,5.818029195070267,0.9453684329986572,1.9232455909252166,1.6018411993980408,0.8263454675674439,1.3529051423072813,4.636178249120712,0.5493450105190277,0.42794468998908997,1.0857752323150633,1.5237453699111938,6.536683338880539,5.038712567090989,0.9745804607868195,1.3460223436355592,1.7614575266838073,5.004475408792496,6.555681520700455,6.057870227098465,7.2342282116413115,1.8711702644824981,6.6179259121418,5.818156331777573,6.513959544897079,6.007910221815109,1.3351454079151153,1.109344804286957,6.264377671480179,0.5982319593429566,1.4619583904743194,1.2998302221298217,1.1687985599040984,6.021560400724411,1.7051087737083435,0.8696276009082794,0.40804206132888793,1.8543128311634063,0.8592777252197266,1.188044536113739,0.8328090965747833,0.4057217359542846,6.278964096307754,0.4007362604141235,1.0410127818584443,6.748949867486953,1.0623825430870055,1.16715629696846,1.7027921378612518,1.1195848822593688,1.6673451840877531,6.28707475066185,1.5772187292575834,1.688054519891739,7.015012365579605,0.5753100574016571
13,1.7408582448959349,1.079956990480423,7.291938912868499,1.0835201442241669,1.8415999710559845,5.428718101978302,1.6596700847148895,1.412799847126007,0.9151884078979492,6.951653850078583,1.0010212898254394,1.0539289474487306,1.9290160059928894,5.852361845970154,1.5951806962490083,1.9459413528442382,1.0932205259799956,1.8914620637893678,1.451839429140091,1.4921426475048063,1.7560710668563844,5.905856442451477,0.8016919910907746,1.612661051750183,1.6137808680534362,6.501806962490082,5.542484414577484,1.8398457646369935,1.4406918466091156,0.825846779346466,1.7480477690696714,2.1403202652931212,1.8410871863365172,1.0070731878280639,6.367770671844482,6.3735964179039,2.1177810668945307,0.8425159811973572,1.0955712795257568,2.2837346315383913,5.9865884423255915,0.7324609220027923,7.763415741920471,1.3174152314662932,6.162739419937133,0.9877205908298492,2.039062917232513,1.6365888655185699,0.9363070607185363,1.4462819755077363,4.985499215126037,0.5420490026473999,0.567264848947525,1.129815411567688,1.7010458171367646,7.031048047542572,5.25712286233902,0.9348969638347625,1.4533635973930359,1.8217450261116026,5.1204695940017695,7.04588143825531,6.445017981529236,7.743267452716828,1.9888102769851683,7.040000784397125,6.177315270900726,6.823496019840241,6.5126173257827755,1.616012740135193,1.2030514359474183,6.809071826934814,0.5952621877193451,1.5339473247528077,1.3089350283145904,1.3250237703323364,6.25271269083023,1.8194411039352416,0.9410003840923309,0.47237797975540163,2.0781491875648497,1.0141115188598633,1.3209908306598663,0.9950817644596099,0.4119424343109131,6.776738727092743,0.40504122376441953,1.065981501340866,7.290290904045104,1.0987975716590879,1.1867338359355926,1.870964241027832,1.204747837781906,1.8396170020103455,6.66587895154953,1.693648886680603,1.6628772139549255,7.316710937023163,0.699800306558609
14,2.0979575514793396,1.2973423600196836,7.9215512573719025,1.3600712835788726,2.248265367746353,5.824634462594986,1.8266825735569001,1.7205602049827575,1.1883520781993866,7.536935240030289,1.3135794222354888,1.2890774726867673,2.2195325970649717,6.244027239084244,1.88743177652359,2.1858430445194243,1.6159386873245238,2.023094880580902,1.6530094742774963,1.7743300497531889,1.9081709563732145,6.220275086164475,1.050421416759491,1.70783069729805,1.8128591477870941,6.888354343175888,5.859809154272079,2.009685182571411,1.624290359020233,0.9870030045509338,2.1452379465103144,2.569377452135086,2.098964637517929,1.4144138753414155,6.933926731348038,6.918654650449753,2.4850057005882262,1.2287170708179473,1.4943296611309052,2.472372633218765,6.289920979738236,1.0535214841365814,8.354735201597213,1.6144743025302888,6.687322348356247,1.196314090490341,2.4993102729320524,1.9942399084568023,1.1581446409225464,1.8232100307941437,5.419743043184281,0.7956163227558136,0.7116344928741455,1.39522784948349,1.903717613220215,7.459182757139206,5.710592681169509,1.156081849336624,1.7065186858177184,1.9332658886909484,5.506018251180649,7.583663493394852,6.9209702670574185,8.284679919481277,2.3666669249534604,7.537479847669601,6.404249691963196,7.324395054578781,7.013785773515701,1.6965704560279846,1.430918997526169,7.388532561063767,0.7303370714187621,1.8181024372577665,1.615694350004196,1.6173405826091767,6.660740858316421,2.1559261143207546,1.0852664530277252,0.7159184098243714,2.2844474852085113,1.203493905067444,1.662095022201538,1.2692306220531462,0.6381683170795441,7.148145145177841,0.5784934937953948,1.3093293249607085,7.8009657800197605,1.3260557055473328,1.452062439918518,2.2351105034351346,1.4212318003177642,2.1275111377239226,7.110701447725296,1.9919248223304749,2.1104053080081937,8.014871782064438,0.6411774218082428
15,2.113653630018234,1.3264394402503967,8.518340730667113,1.4480595052242278,2.2536425054073335,6.07096506357193,2.053194177150726,1.8794279158115386,1.1819788694381714,7.929055213928223,1.5570195376873015,1.3181340277194977,2.4915252625942226,6.633712685108185,1.9428391695022582,2.2783413529396053,1.5645702958106993,1.9517302334308622,1.7163859605789185,1.9110474407672882,2.125484371185302,6.559432053565979,0.9250521719455719,1.8731155514717102,1.87821444272995,7.576175951957702,6.209905815124512,2.1316920101642607,1.7408840537071228,1.0830705702304841,2.1301157891750337,2.686319553852081,2.4180376052856447,1.4246409237384796,7.279691827297211,7.567615211009979,2.8071414887905117,1.1666759252548218,1.4850551784038541,2.4871970653533935,6.545739114284515,0.904561710357666,8.69771455526352,1.8955128967761994,7.083842515945434,1.1546652138233184,2.635982346534729,2.1701605856418613,1.1369161903858185,2.047039198875427,5.583744323253631,0.8079241156578064,0.750331836938858,1.589334958791733,1.9243397414684296,7.955264067649842,5.755341386795044,1.2345457375049589,1.9036012351512908,2.177171844244003,5.6041262388229365,8.055138230323792,7.1952122211456295,8.863396048545837,2.6041677296161647,8.142196762561797,6.5912300765514376,7.727264416217803,7.529953670501709,1.724911516904831,1.593597799539566,7.876661062240601,0.6717200696468353,1.9046618700027464,1.6099439442157744,1.7498441576957702,7.10841611623764,2.227052593231201,1.210683888196945,0.6292487859725953,2.4140047073364257,1.1590282440185546,1.7229216396808624,1.242239463329315,0.5221379220485687,7.3294149279594425,0.7169873118400574,1.2793613910675048,8.343609476089476,1.420734316110611,1.5738673090934754,2.3049765944480898,1.6888182222843169,2.2797460079193117,7.555208075046539,2.0224697768688205,2.1800151228904725,8.47400268316269,0.7727673053741454
16,2.4035280108451844,1.4804764747619628,8.86459435224533,1.350100576877594,2.405082833766937,6.234584844112396,2.32352283000946,1.963981533050537,1.2383278608322144,8.365830624103546,1.5190205931663514,1.5378758907318115,2.482460594177246,6.72166668176651,2.017747366428375,2.687730967998504,1.6247902035713195,2.30158349275589,1.8197301983833312,2.0505446314811704,2.4172019600868224,6.655158066749573,1.1563633203506472,1.9163127064704895,2.1760753750801083,7.753499710559844,6.390557992458343,2.2050636529922483,1.928803527355194,1.0754951000213622,2.353966677188873,2.915390384197235,2.481618463993072,1.5159595489501954,7.608663380146026,7.875448763370514,3.0456316947937014,1.4893871188163759,1.615677011013031,2.681890404224396,6.865151631832123,0.9248144030570984,9.226514768600465,2.0329775810241695,7.353634655475616,1.2351212859153746,2.6291918396949767,2.269058060646057,1.2320743322372436,2.014495170116424,5.8823567628860465,1.126020538806915,0.8676375150680542,1.555095624923706,2.2702832102775576,8.577492821216584,6.002904880046844,1.3540571093559266,2.033930468559265,2.2295036196708677,5.970643389225006,8.735481774806974,7.509653151035309,9.277398347854614,2.8309461832046505,8.440251648426056,6.841344726085663,8.056532740592957,7.858905339241027,1.8988254427909852,1.5699655055999755,8.255594277381897,0.8001017570495604,2.168589901924133,1.8061638355255125,1.8977244019508361,7.376274681091309,2.490177607536316,1.1819787263870238,0.7697568655014038,2.685320115089416,1.3389338850975037,1.7745014190673827,1.3573036432266237,0.6640417098999023,7.436334478855133,0.7671529650688171,1.406529653072357,8.813280081748964,1.3636695325374601,1.6477967858314513,2.4819920301437377,1.8693053364753724,2.2797267198562623,7.968465828895568,2.088194251060486,2.421437299251556,8.956610631942748,0.7996026277542114
17,2.703700578212738,1.6628870129585265,9.58542596101761,1.7568260908126831,2.713650643825531,6.58610963821411,2.4097442746162416,2.2483059883117678,1.228235125541687,8.833867228031158,1.8190597057342528,1.6602964043617248,2.942570078372955,7.072639763355254,2.2414697051048273,2.761015391349792,1.7886364221572877,2.6107466578483582,2.083904457092285,2.2663307309150698,2.631944942474365,6.964689648151397,1.1546812772750854,2.101986980438232,2.2223245978355406,8.172353386878966,6.670502781867981,2.5457260966300965,2.0458701252937312,1.2562452793121337,2.6363123297691344,3.209915482997894,2.6419943451881407,1.476193916797638,8.162492239475249,8.23291139602661,3.325648832321167,1.6475712537765501,1.6482621669769288,2.903770005702972,7.201216673851013,1.025078582763672,9.781012737751007,2.1874417781829836,7.776578629016876,1.2643444061279296,2.9547204494476316,2.576192307472229,1.3659747600555419,2.2773056387901307,6.05450187921524,1.1084229469299316,0.8505126237869262,1.8422629475593566,2.4522851228713987,8.99456695318222,6.32729297876358,1.3423091173171995,2.2681167960166935,2.4988006830215452,6.1911784410476685,9.221033465862273,8.02403390407562,9.85376660823822,3.1947173118591308,8.492811369895934,7.122428941726684,8.543535041809081,8.409713017940522,2.0867340803146366,1.8282524943351743,8.678769969940184,0.9437429785728455,2.5300028443336484,2.095073127746582,2.119407272338867,7.8265551090240475,2.7066743493080136,1.2196918249130249,0.7017884731292725,3.055043828487396,1.6402605533599852,1.877235507965088,1.6164498448371887,0.7436852693557738,7.737796890735626,0.7880170583724976,1.4911282181739807,9.37630352973938,1.4383169829845428,1.9306734323501586,2.6283187985420224,1.9379132747650145,2.5469265222549438,8.248898959159852,2.5748958587646484,2.628094506263733,9.569280827045441,0.8508152246475219
18,2.8738117933273313,1.8809951424598694,9.918745017051696,1.714556908607483,2.9095337629318236,6.686841535568237,2.4631951093673705,2.379651093482971,1.4428274393081666,9.517330837249755,1.9169877767562866,1.7852065443992615,3.0955995202064512,7.2514200687408445,2.4688238859176637,2.7787036538124084,1.802979552745819,2.5827345371246335,2.144117152690887,2.440550947189331,2.753042101860046,7.132168734073639,1.1315375447273255,2.3914374351501464,2.2537863492965697,8.586721122264862,6.816554486751556,2.8877251625061033,2.24627845287323,1.2886151909828185,3.004376971721649,3.296170401573181,3.051203191280365,1.6148197531700133,8.56871199607849,8.793535208702089,3.593792474269867,1.7104937434196472,1.896171534061432,3.1899473071098323,7.405127930641174,1.104908502101898,10.376538264751435,2.515815651416778,8.031670534610747,1.469456422328949,3.0027516722679137,2.7168534755706784,1.586581218242645,2.6198561668395994,6.194584798812866,1.2044869661331177,1.019074833393097,1.7796209812164305,2.6270444989204402,9.527960944175721,6.451323068141938,1.3169721007347106,2.5792133331298825,2.6598889589309693,6.548746478557587,9.71857670545578,8.155581200122834,10.278497564792634,3.3525960803031922,9.098442447185516,7.475710129737854,8.754269170761107,8.74196788072586,2.1872134804725647,1.8141565322875977,9.224918782711029,1.210559546947479,2.616814112663269,2.188791263103485,2.1883765816688534,8.081900787353515,2.932379949092865,1.3039264559745787,0.9075724840164184,3.100739169120789,1.6726374506950377,2.161805284023285,1.7336728811264037,0.8491974592208862,8.15777907371521,1.0935057163238524,1.5602073073387146,9.994117438793182,1.6525569796562196,1.9672518968582153,2.66087384223938,2.1677860498428343,2.500657081604004,8.615262138843535,2.5792093634605404,2.636760699748993,10.193091654777527,0.863203251361847
19,3.271908152103424,2.145357501506805,10.47689688205719,2.0246475100517274,3.588145399093628,6.955667591094971,2.7234708070755005,2.781163048744202,1.35857253074646,10.116370511054992,2.210619568824768,1.966518747806549,3.4223976492881776,7.660415935516357,2.590269732475281,3.0856298327445986,2.157603335380554,2.9366329669952393,2.375862383842468,2.6813185691833494,3.1198513031005857,7.3802562117576604,1.4288812637329102,2.6817729473114014,2.4991737365722657,8.923407459259034,7.23852014541626,3.0235544443130493,2.4569894313812255,1.6580466508865357,3.1361209273338315,3.843274676799774,3.380413949489593,1.955187976360321,8.97467130422592,8.911153888702392,3.9212976455688473,2.0376061916351316,2.179529345035553,3.5165936589241027,7.780611896514893,1.0483951568603513,10.647133338451386,2.639111542701721,8.655537486076355,1.6564701557159425,3.3266149401664733,3.1316738724708557,1.74347163438797,2.734580886363983,6.388206803798675,1.3675220131874084,1.1605849504470824,1.8924562454223632,3.0768538117408752,9.936387908458709,6.774779272079467,1.608075785636902,2.924839723110199,2.963623547554016,6.864623022079467,10.209559667110442,8.504223239421844,10.665235269069672,3.6252387046813963,9.501478087902068,7.797280168533325,9.122878718376159,9.305443048477173,2.397624635696411,2.134688901901245,9.851122105121611,1.297802925109863,3.062352645397186,2.497648000717163,2.5907798051834106,8.475790154933929,3.2848828077316283,1.5681638836860656,1.0162619113922118,3.5298614025115964,1.9051367163658142,2.3207234740257263,1.9172979354858397,1.0422350764274597,8.529151487350465,1.1270362734794617,1.7961025595664977,10.534506607055665,1.721167492866516,2.251141548156738,2.8296364068984983,2.3560845375061032,2.986294913291931,9.250517189502714,2.956851065158844,2.9228108763694762,10.742805314064025,1.0895076394081116
20,3.333651399612427,2.3224294185638423,10.965509343147279,2.344159078598022,3.7244704127311707,7.23657819032669,3.161077070236206,3.171206200122833,1.7490821838378905,10.583104014396667,2.3681647658348086,2.163950645923614,3.8023484110832215,7.902414226531982,2.852553868293762,3.5008068561553953,2.557788002490997,3.2441753149032593,2.6627323746681215,3.129250204563141,3.227082228660583,7.720669686794281,1.4722338795661924,2.895128226280212,2.7749878525733944,9.274594140052795,7.902358114719391,3.3512006759643556,2.681425011157989,1.9258009076118467,3.465351331233978,4.173804783821105,3.8926810503005984,2.034978592395782,9.507866752147674,9.402375340461731,4.199722826480865,2.3162255764007567,2.2188626766204833,3.8335113525390625,8.09562176465988,1.221505844593048,11.252577710151671,3.030020296573639,9.194802331924437,1.9108697175979614,3.642458128929138,3.6853357076644895,2.001421666145325,2.9946521282196046,6.685384464263915,1.5500338554382322,1.4952394723892213,2.287498497962952,3.198528182506561,10.416194605827332,7.1074586629867555,1.8773185491561888,3.2285823225975037,3.236625552177429,7.318922519683837,10.886453998088836,8.881633496284485,11.251689910888672,3.9545264720916746,9.832838284969329,8.230257332324982,9.633458411693573,9.654588770866393,2.5049165964126585,2.4080375075340266,10.409764266014099,1.5962034583091735,3.319619870185852,2.5612451076507567,2.781242167949676,8.959901022911072,3.717711615562439,1.7224652409553527,1.1841500759124755,4.0030229687690735,2.1053818106651305,2.531901550292969,2.0349689245223996,0.9236549258232116,8.68773341178894,1.3055775880813598,1.9635895967483519,10.837378001213073,1.869740641117096,2.5331215143203734,3.1565936923027036,2.8051060318946837,3.353695499897003,9.808456337451934,3.385298180580139,3.2415464997291563,11.315343225002287,1.2947644472122193
21,3.6714969158172606,2.2250525236129763,11.47371141910553,2.2534746527671814,4.219986510276795,7.358018255233764,3.1662279844284056,3.0563071250915526,1.6044719099998475,11.16980369091034,2.618341982364654,2.296057569980621,4.044602704048156,8.056322050094604,3.1512074708938598,3.7994817733764648,2.52457023859024,3.3789002656936646,2.810309624671936,3.2766249537467957,3.327625775337219,7.834936094284058,1.5483015418052675,3.2598959326744077,2.957760429382324,9.688173818588256,7.825496208667755,3.7968677163124083,3.0152515411376952,1.9609923601150512,3.6055319905281067,4.452794384956359,4.2064171791076665,2.0143009662628173,9.72380084991455,9.684016954898834,4.7592037439346315,2.6197748780250545,2.2548642635345457,4.201541316509247,8.175541913509369,1.4892997741699219,11.50150601863861,3.1146023988723757,9.503095066547393,2.219537782669067,3.9997082948684692,3.8551124215126036,2.1962007880210876,3.307212972640991,6.8470183372497555,1.7403577089309692,1.5680601716041564,2.2761796832084653,3.606984543800354,10.795834171772004,7.411574840545654,1.841410970687866,3.4555043458938597,3.396682953834534,7.290428018569946,11.149268841743469,9.251444709300994,11.659229493141174,4.3515171885490425,10.139540004730225,8.32715779542923,9.913950979709625,10.160683822631837,2.4043670535087585,2.572022294998169,10.699387168884277,1.5840556263923646,3.6240616559982297,2.983710157871246,2.959420323371887,9.268615818023681,3.9822616100311277,1.7809634804725645,1.326353085041046,4.1428568840026845,2.141732347011566,2.7265865087509153,2.0789601564407345,1.042604041099548,8.821019566059112,1.3355787873268128,2.0980013728141786,11.59038907289505,1.9996825933456421,2.681569981575012,3.5163750052452083,2.9445939898490905,3.5150752782821653,10.212572836875916,3.6687700033187864,3.1147784948349,11.461660480499267,1.2662913084030152
22,4.016907036304473,2.4360108017921447,11.922982490062713,2.5466809391975405,4.393784880638123,7.62464714050293,3.6252067208290097,3.443255615234375,1.7231931209564209,11.708323049545287,2.629046607017517,2.3423993587493896,4.214435112476349,8.249091625213623,3.1114036202430726,4.071840023994446,2.4473292589187623,3.611660242080688,3.079205501079559,3.475651395320892,3.7239071249961855,7.976674664020538,1.8141728997230528,3.4410672783851624,3.136209499835968,10.082722449302674,8.021830058097839,3.7797620415687563,3.411590051651001,2.248950672149658,3.8979302048683167,4.951786208152771,4.701063644886016,2.494463121891022,10.286923074722289,10.001150476932526,4.890162193775177,2.6861747980117796,2.6137065529823302,4.364594483375549,8.410910379886626,1.7149985551834106,12.041321730613708,3.3803574204444886,9.793971240520477,2.3337447881698608,4.353306174278259,4.159314119815827,2.1567134976387026,3.337375497817993,6.938909554481506,1.9525923490524293,1.5416173696517943,2.4974230051040647,3.6626511096954344,11.172364211082458,7.629761898517608,2.0937161684036254,3.5548597931861874,3.7357178330421448,7.488415586948395,11.788263535499572,9.557390439510344,12.129349303245544,4.600574922561645,10.240305948257445,8.579172682762145,10.276113581657409,10.240276265144347,2.836243236064911,2.8596213936805728,11.249553894996643,1.6504904985427855,3.8442110419273376,3.190896189212799,3.0356080055236814,9.495938062667845,4.386570382118225,1.9392801880836488,1.6136680483818053,4.700607907772064,2.293511152267456,2.730457031726837,2.5980072617530823,1.271258842945099,9.250982010364531,1.4267679929733277,2.1723178148269655,12.174763965606688,2.1615641236305234,2.5394309401512145,3.7131203293800352,3.0575816392898556,3.746000027656555,10.760930335521698,3.861077094078064,3.543372905254364,11.829570245742799,1.307108962535858
23,4.667614734172821,2.838786399364471,12.420984303951263,2.7219914197921753,5.151596975326537,7.712316191196441,4.354799532890319,3.882341861724853,2.1460299611091616,12.108026146888733,3.0003979802131653,2.9059795260429384,4.635220372676849,8.473558020591737,3.5054558753967284,4.499979829788208,3.155327022075653,3.9846709609031676,3.2823628187179565,4.094807386398315,4.07218062877655,8.36757619380951,1.8769665479660034,3.6826679706573486,3.4216453075408935,10.45591242313385,8.37915720939636,4.133347582817077,3.6111387252807616,2.3869903564453123,4.245891988277435,5.089285624027252,4.9966500997543335,2.594799733161926,10.670456135272978,10.256164026260377,5.281682181358337,2.902701234817505,2.6029942512512205,4.949696445465088,8.691619896888733,1.8565562844276429,12.223326647281647,3.5622912764549253,10.243916368484497,2.704231858253479,4.771889770030975,4.604850792884827,2.520665979385376,3.930924892425537,7.17918051481247,2.0694580197334287,1.7538776397705078,2.4922008037567136,4.184048569202423,11.680293345451354,7.737544322013855,2.303375232219696,3.994132673740387,4.0406734347343445,7.728042554855347,12.428589558601379,9.787168824672698,12.583853471279143,5.018434166908264,10.771688628196715,9.0119274020195,10.848205935955049,10.894388735294342,2.74171701669693,3.027784216403961,11.695227789878844,1.9446076631546019,4.260107648372649,3.6524645328521728,3.323353183269501,9.971385478973389,4.375446105003357,1.8374019145965574,1.6303420901298524,5.261376237869263,2.8726506233215328,2.726860725879669,2.5522748708724974,1.4078804850578306,9.513083851337433,1.6159805297851562,2.2151306986808774,12.535497224330902,2.4629683613777162,2.8378567457199093,3.858786129951477,3.16220508813858,4.0347936153411865,11.14902204275131,4.349309945106506,3.473795759677887,12.231442284584045,1.3611196994781494
24,4.751087725162506,3.239063787460327,13.102507197856903,3.3076779007911683,5.388495659828186,8.248489451408386,4.2555557012557985,4.3438421368598945,2.3474987983703612,12.662879574298858,3.6800103545188905,3.059381318092346,5.3920330286026,9.015784060955047,3.9289119124412535,5.085044038295746,2.973829245567322,4.467669534683227,3.6116373419761656,4.364147877693176,4.498875963687897,8.65699006319046,2.379334902763367,4.077212738990784,3.968265604972839,10.971097683906555,8.69671355485916,4.503567755222321,4.250734007358551,2.7184613466262815,4.629748368263244,5.350552475452423,5.313259387016296,2.709365117549896,11.068549084663392,10.849247193336486,5.998937153816223,3.152304863929748,3.057609152793884,5.346827650070191,8.86856917142868,1.742984092235565,12.870927286148072,4.31769345998764,10.712710046768189,3.091786599159241,5.317878794670105,4.886188876628875,2.8357921600341793,3.8626046657562254,7.5676396012306215,2.218326103687286,2.0191363096237183,3.086398577690124,4.550454235076905,12.382214879989624,7.99348771572113,2.472524237632751,4.449660706520081,4.4180859327316275,8.311117768287659,12.935770857334136,10.127561223506927,13.14082852602005,5.273967337608337,11.356270575523375,9.442609083652496,11.150329530239105,11.358792757987976,3.0077565789222716,2.877613341808319,12.245824038982391,2.352895426750183,4.752533662319183,4.175492322444915,3.7425658226013185,10.25059723854065,4.987433409690857,2.1305712819099423,2.1064400434494015,5.3840437650680535,3.165590465068817,3.1454848170280454,3.0860790371894837,1.5617179632186888,9.851822602748872,2.139584469795227,2.663792836666107,12.896055519580841,2.57275949716568,3.255993628501892,4.2330853819847105,3.615797924995422,4.491178631782532,11.611778593063354,4.649315595626831,4.007294833660126,12.660153150558472,1.8574241995811462
25,5.00213199853897,3.1618567824363706,13.694453942775727,3.3635234475135802,5.577195453643799,8.234115374088287,4.527792823314667,4.751727044582366,2.5990142941474916,13.02078379392624,3.6475251674652096,3.2769017219543457,5.642887783050537,8.972567427158355,4.000582528114318,5.254385316371917,3.1718198776245115,4.7720597147941595,3.9771671295166016,4.440059340000153,4.870523846149444,8.841653597354888,2.2700429558753967,4.28315544128418,4.165967345237732,11.116924107074738,8.741830325126648,4.869069838523864,4.30478481054306,2.9707666158676145,4.792258989810944,5.659128475189209,5.594594514369964,2.963906359672546,11.534061455726624,10.950843250751495,6.045577645301819,3.369204533100128,3.195844328403473,5.862944972515106,9.073198354244232,1.8446760773658752,13.217195653915404,4.550364232063294,11.071910214424133,3.0005181312561033,5.599931418895721,5.205633425712586,3.057152533531189,4.4048022508621205,7.463271880149841,2.428927731513977,2.1830159664154047,2.7876380443573,4.867105317115783,12.52125996351242,8.291241729259491,2.6860480666160584,4.556059837341309,4.488022971153259,8.38594479560852,13.553047549724578,10.291176450252532,13.506797027587892,5.638744497299194,11.518191158771515,9.3684703707695,11.295708107948302,11.59428060054779,3.3289056777954102,3.274140214920044,12.616926145553588,2.2401831507682797,4.955670809745788,4.427492082118987,3.8869763612747192,10.592782485485076,5.369227516651153,2.3192371487617494,2.410980176925659,5.657839667797089,3.060550332069397,3.342987871170044,3.0501627326011658,1.4856163382530212,9.851216232776641,2.078216302394867,2.5792911887168883,13.488689970970153,2.784666895866394,3.297809112071991,4.338722455501556,3.5362942576408383,4.537239503860473,11.97365643978119,4.707673680782317,4.292421615123748,12.908138680458068,2.00412175655365
26,5.456836044788361,3.3886960148811336,13.935371041297913,3.3899255752563477,5.911508059501648,8.539237177371978,4.359142923355103,5.114344131946563,2.5512316107749937,13.758419919013976,4.046535527706146,3.274009120464325,5.810390138626099,9.269975006580353,3.9874607443809507,5.6205032706260685,3.7257819175720215,5.389208722114563,4.583618676662445,4.812420916557311,4.9903060555458065,9.036420035362244,2.4924054861068727,4.44524176120758,4.414181339740752,11.329788362979889,8.925105702877044,5.141975402832031,4.984413814544678,2.9622748374938963,5.138607811927796,6.122368025779724,6.103532135486603,3.126665163040161,12.131338512897491,11.266331887245178,6.367385911941528,3.8022197484970093,3.5709539175033567,6.09042443037033,9.20643470287323,2.3577494859695434,13.68908441066742,4.680176091194153,11.454771363735198,3.1267409920692444,5.969386434555054,5.411309313774108,3.116396629810333,4.708103919029235,7.719694530963897,2.575246584415436,2.432693064212799,2.924899971485138,5.041483843326569,12.91614543199539,8.48653210401535,3.0214441895484923,4.851308965682983,4.879994797706604,8.64403941631317,14.075277590751647,10.808203566074372,13.978926265239714,5.978165888786315,11.73601962327957,9.692977249622345,11.642584717273712,11.973469901084899,3.5884182572364804,3.314677274227142,13.140637814998627,2.397916042804718,5.169257068634034,4.63517404794693,4.355476796627045,10.844513547420503,5.8481231212615965,2.4856701135635375,2.36059775352478,6.022092628479004,3.671400272846222,3.3567521572113037,3.561586391925812,1.7989301085472107,10.083330297470091,2.369180464744568,2.8828149795532227,13.722534084320069,2.7689857959747313,3.8819147467613218,4.622208917140961,4.022772443294525,4.98563289642334,12.420018434524536,5.30991894006729,4.706889367103576,13.12342460155487,2.2359165906906124
27,5.646073687076568,3.5513078331947328,14.371124529838562,3.8808383345603943,6.302749526500701,8.459720861911773,4.560201036930084,5.299037683010101,2.995126461982727,14.120733141899109,4.06297756433487,3.7961894392967226,6.029384326934815,9.270123958587646,4.442977774143219,6.021390128135681,4.043423974514007,5.417281627655028,4.398747205734253,5.162429320812225,5.879270315170288,9.15852599143982,2.4440231561660766,4.716184079647064,4.21824848651886,11.590958559513092,9.23616269826889,5.328971934318543,5.269911694526672,3.255090856552124,5.665824401378631,6.58951233625412,6.456585347652435,3.5230655550956724,12.374961709976196,11.615702748298645,6.971813917160033,4.0907131075859064,3.8425082683563234,6.485598361492157,9.470134794712067,2.6239974737167358,13.807660257816314,4.9976765513420105,11.823355245590209,3.3767324447631837,6.106690919399262,5.907068526744842,3.3082058429718018,4.848728835582733,7.857928776741027,3.024342620372772,2.519487142562866,3.3299435377120967,5.2561559677124015,13.479351067543028,8.785900509357452,3.261025643348694,5.025814175605774,5.476788878440857,8.667474770545958,14.58888635635376,10.932056748867035,14.32494649887085,6.4078009724616996,12.186244523525238,9.936102724075317,11.732072842121124,12.377906620502472,3.642332935333252,3.3868621826171874,13.484515821933746,2.7041051745414735,5.305025398731231,5.09260745048523,4.270082819461822,11.126261723041534,6.238751995563507,2.780613791942596,2.671026873588562,6.621203362941741,4.015675210952759,3.3359050989151,3.753269863128662,1.765748393535614,10.142938947677612,2.5943074822425842,2.898747897148132,14.216778218746185,3.144352686405182,3.891400909423828,4.995493638515472,4.379488360881805,5.176229226589203,12.94873274564743,5.677439939975738,4.551470935344695,13.927637696266174,2.2411691308021546
28,5.999421942234039,3.554710257053375,14.992599999904632,3.8714774608612057,6.8368937253952025,8.734181869029998,5.057790219783783,5.834642338752746,2.939112591743469,14.698806202411651,4.801744270324707,3.969731867313385,6.617364382743835,9.522593128681184,4.660684895515441,6.38869080543518,3.950934135913849,5.8282022356987,5.032169163227081,5.163793921470642,6.1464579701423645,9.325891077518463,2.486086392402649,5.056580018997192,4.712346589565277,11.929537415504456,9.4206787109375,6.0194924592971795,5.462974441051482,3.4856303334236145,5.726253306865692,6.824885201454163,6.9100335240364075,3.6537756919860835,12.777316534519196,12.035368645191191,7.643153369426726,4.1509774088859555,3.9793933510780333,6.77556426525116,9.301347649097442,2.6578938961029053,14.348038947582245,5.175907838344574,12.117774558067321,3.7703612089157104,6.312923288345337,5.928494000434875,3.356729769706726,5.5188435316085815,7.752254962921143,3.2592131853103634,2.53124737739563,3.3128917098045347,5.4842352867126465,14.161737513542175,9.01078908443451,3.5614450573921204,5.437342929840088,5.644140577316284,8.922022175788879,15.046586787700653,11.188968455791473,14.724569618701935,6.787193489074706,12.34731945991516,10.045970511436462,12.335212182998657,12.643302404880522,4.24199458360672,3.522816872596741,13.998611724376678,2.896720588207245,6.057321071624756,5.563170337677002,4.735125517845154,11.39063515663147,6.622965848445892,2.691440153121948,2.7438217163085934,6.750877571105957,4.312467479705811,3.6126747131347656,4.070960378646851,2.1006690859794617,10.502590000629425,3.0010474443435666,2.937501573562622,14.550812447071076,3.3328859925270082,4.485116577148437,5.068301820755004,4.744423365592956,5.239023804664612,13.254855000972746,6.140710031986236,4.9638622283935545,14.033992075920105,2.624410092830658
29,6.48925371170044,3.8345368027687075,15.309000837802886,4.166175806522369,7.135526728630066,8.915389239788055,4.9934678196907045,5.920785486698151,3.315388298034668,15.021674966812133,4.956491851806641,4.140612304210663,6.831961739063263,9.715434694290161,4.9758509516716,6.788599348068238,4.0876078605651855,6.138151836395264,5.204101026058196,5.827420163154602,6.586153388023376,9.698941302299499,2.692680823802948,5.336779773235321,4.730110692977905,12.1059059381485,9.688410115242004,6.556586873531342,5.961963129043579,3.779021334648132,6.032880091667176,7.399579203128814,7.4498282909393305,3.870889687538147,13.167124736309052,12.265698301792145,7.908269262313842,4.365959739685058,3.912304556369781,7.12900584936142,9.38669307231903,2.8135881185531613,14.462093651294708,5.5432981133461,12.629080259799956,4.020503675937652,6.538119912147522,6.5595144033432,3.3896434545516967,5.64866542816162,8.091933703422544,3.4533340692520142,2.9183909416198732,3.668815267086029,6.065570831298828,14.26596279144287,9.187455403804778,3.8807909727096557,5.5716727614402775,6.032982230186462,9.155541825294494,15.47493780851364,11.394145798683166,15.47929708957672,7.002662968635559,12.586786603927612,10.050570559501649,12.471867501735685,12.876021420955658,4.575914120674133,3.543511176109314,14.350232982635498,2.982647883892059,6.423156499862671,5.948589253425598,4.81440132856369,11.768722212314605,6.71011791229248,2.8108761310577393,3.144576907157898,7.169956743717194,4.697639226913452,3.885427403450012,4.262260866165161,2.230491995811462,10.533324670791625,3.0910780668258666,2.895551526546478,14.925948977470398,3.528671681880951,4.7207051634788515,5.502790021896362,4.867612612247466,5.516485786437988,13.59816722869873,6.343908858299255,5.302367985248566,14.489238274097442,2.758276581764221
30,6.81347645521164,4.383604466915131,15.809128177165984,4.443138122558594,7.5834599256515505,9.329339575767518,5.460326611995697,6.328061997890472,3.864498019218445,15.528484416007995,5.368377161026001,4.227159702777863,7.118446862697602,9.864793896675108,5.2768907189369205,7.190977156162262,4.669512557983398,6.5460622072219845,5.983830523490906,6.118191421031951,7.138456237316132,10.078375923633574,2.863242971897125,5.962309324741363,5.336928606033325,12.678644526004792,10.17275868654251,6.580792427062988,6.539350759983063,4.240907967090607,6.49834291934967,7.585891735553741,7.900419306755065,4.24284827709198,13.726432454586028,12.693411481380464,8.583240580558778,4.644095945358276,4.334173417091369,7.716758513450623,9.35473997592926,3.5090834379196165,14.987655818462372,6.1505246400833125,13.130246531963348,4.429241037368774,6.852352905273437,6.889946019649506,3.8672361969947815,6.289913868904113,8.180513930320739,3.907044720649719,3.0837445855140686,4.1304678320884705,6.416102421283722,14.939920127391815,9.508741676807404,3.9545672297477723,6.1585261702537535,6.35165684223175,9.631074845790863,16.098372757434845,11.981094431877136,15.957603001594542,7.777666997909546,13.012581062316894,10.365108895301818,12.795375382900238,13.549396526813508,4.881216216087341,4.273839843273162,14.904726243019104,3.184332835674286,6.641735446453095,6.254064261913299,5.403606855869293,12.262038910388945,7.3535019755363455,3.2998259425163265,3.3783084630966185,7.709995818138123,5.272606074810028,4.119640445709228,4.517308008670807,2.420473372936249,10.792511355876922,3.549511218070984,3.3704577684402466,15.493543457984924,3.6828022480010985,5.1287653803825375,5.815490853786469,5.395894801616668,6.399883043766022,14.1729647397995,6.722916734218597,5.625765693187713,14.757121193408967,3.207607352733612
31,7.4231213331222525,4.368806779384613,16.206425535678864,4.6017519474029545,7.637976205348968,9.403260970115662,5.352829253673553,6.790168559551239,4.047904717922211,15.808486306667326,5.637384867668152,4.284581387042999,7.460190057754517,10.001417171955108,5.3375897169113165,7.261882781982422,5.071564507484436,6.71960836648941,5.933159410953522,6.0153509974479675,7.781493020057678,9.955818033218383,2.9439560413360595,6.0255484819412235,5.4928644537925715,13.160762655735015,10.153833973407744,6.864751899242401,6.610580551624298,4.282267546653747,6.673407745361327,8.0492787361145,7.9216122865676875,4.40259997844696,14.126167976856232,13.053596997261048,8.9327957034111,4.925776624679565,4.467199873924255,7.740135359764099,9.627548432350158,3.8022576808929442,15.110697519779205,6.513119423389435,13.225614750385285,4.480749547481537,7.1361251950263975,7.482323956489563,4.182090246677398,6.303522384166717,8.184524869918823,3.7290400743484495,3.1355666875839234,4.468703055381774,6.579223453998566,14.984307169914244,9.530897557735441,4.1930842161178585,6.3519822478294365,6.780105125904083,9.612558579444885,16.519153082370757,12.029049432277679,16.607359051704407,8.066380763053893,13.404927229881286,10.221329033374786,13.03578383922577,13.817851734161376,4.948450303077697,4.4815260887146,15.46297137737274,3.389197254180908,7.094168877601623,6.406063437461852,5.351758718490601,12.476165688037872,7.649839997291564,3.2058302640914915,3.1832627654075623,7.90349793434143,5.50437685251236,4.672690379619598,4.350050318241119,2.722243547439575,10.702648639678955,3.7038292050361634,3.4597718715667725,15.545677602291105,3.8494002580642697,5.293612360954284,6.0887048721313475,5.687124311923981,6.594152665138244,14.256448769569397,7.030977690219879,5.396168494224549,14.743972826004029,3.367553913593292
32,7.7975494980812075,4.412779784202575,16.65886352062225,4.656026601791382,8.210083925724028,9.588266634941101,5.735604047775268,7.198996603488922,3.894636178016662,16.23134618997574,5.920516014099121,4.601679241657257,7.7986003160476685,10.360926949977875,5.711860656738281,7.721022570133209,5.149380016326904,7.293794357776642,6.325056421756744,6.393357491493225,8.205965077877044,10.362567853927612,3.321860063076019,6.584615325927735,5.894688868522644,13.21332780122757,10.37006676197052,7.4181528210639955,6.835186398029327,4.2634564399719235,7.111469137668609,8.072495651245116,8.825778865814208,4.7580983400344845,14.583871984481812,13.26557561159134,9.313068759441375,5.292205548286438,4.873976469039917,8.328986394405364,9.570138478279114,3.877533733844757,15.703883481025695,6.750141036510468,13.887096977233886,4.688034784793854,7.737293922901153,7.636690938472748,4.5111400365829475,6.749205470085144,8.387499928474424,4.302910840511322,3.7015171170234678,4.499647963047027,7.245048415660858,15.390466034412384,9.955137932300566,4.158125460147858,6.724766576290131,7.535673189163208,9.824192130565644,16.843893730640414,12.47931135892868,16.865489304065704,8.540883803367615,13.475191569328308,10.228200912475584,13.203669965267181,14.34591394662857,5.2298838019371034,4.568668115139007,15.833573567867278,3.760507297515869,7.340559422969818,6.768872225284576,5.5998903751373295,12.834890151023865,8.085716998577118,3.4008626103401185,3.7062282800674438,8.212089455127716,5.965608525276184,4.795107114315033,4.821465408802032,2.8076220393180846,10.765584027767181,3.764488768577576,3.79300080537796,15.920457351207734,3.947192621231079,5.466670703887939,6.510414743423461,5.904732477664947,7.026788032054901,14.42020388841629,7.568795382976531,5.926137959957123,15.224026310443877,3.3028024673461913
33,8.173566734790802,4.53894294500351,17.226044595241547,5.254990828037262,8.54339827299118,9.746202301979064,5.805275976657867,7.716700088977813,4.208265244960785,16.808504295349124,6.411134076118469,4.6981504440307615,8.02885526418686,10.26037756204605,6.212201082706451,7.7582311749458315,5.364174079895019,8.003497552871703,6.763382232189178,6.934136092662811,8.547873520851134,10.566207778453826,3.7897981762886044,6.901443326473236,6.434930753707886,13.69721735715866,10.511750972270965,7.724770557880401,7.433199918270111,4.643154990673065,7.382722771167755,8.802952313423157,9.124875652790069,5.155465185642242,14.942022776603698,13.82720386981964,9.80302277803421,5.635480999946594,5.095726966857909,8.940345883369446,9.549178504943846,4.24474104642868,16.105096983909604,7.171237790584565,14.192193150520325,4.8269539952278135,7.719587314128875,7.961677825450897,4.592788362503051,7.020610153675079,8.473180639743806,4.5948455214500425,3.924805390834808,4.802770340442658,7.300356233119964,15.773422253131866,10.071578288078308,4.833168315887451,7.164900922775269,7.876829576492309,9.99235088825226,17.588245713710787,13.0466206908226,17.600060522556305,9.198469972610473,13.50047742128372,10.543678522109984,13.651038467884064,14.739725255966185,5.527998840808868,5.010148191452027,16.441679513454435,3.837738692760467,7.854466271400452,7.217149305343628,5.933342027664184,13.279503333568574,8.231549298763277,3.5339462637901304,3.7487502098083496,8.531234312057494,6.203090274333953,5.659983718395233,5.153966188430786,3.1096834659576413,10.793521130084992,4.092469823360443,4.2923988699913025,16.25474348068237,4.569194674491882,5.724893176555634,6.694203352928161,6.342604982852936,7.29901977777481,14.951553750038148,8.010314607620238,6.334839260578155,15.589628124237061,3.8070484042167663
34,8.748576545715332,5.0488179445266725,17.599024879932404,5.155466318130493,8.968240749835967,9.622421169281006,6.537990581989288,8.049028801918029,4.718413436412811,17.049904477596282,6.802559161186219,4.916736173629761,8.718096148967742,10.664295530319214,6.628682255744934,8.1805229306221,5.5194204449653625,8.343306457996366,7.124384868144989,7.0785032391548155,8.927228808403015,10.796164238452912,4.204313695430755,7.1136140584945675,6.5554994344711295,13.962150573730469,10.77515195608139,7.884567856788635,7.62042281627655,4.960734784603119,8.166625618934631,8.975184679031372,9.658834719657898,5.536570084095001,15.354035937786103,14.005527544021605,10.28268517255783,5.541588306427002,5.38223260641098,9.226951110363006,9.748370432853697,4.436230480670929,16.40810091495514,7.160412800312042,14.787111401557922,5.110884630680084,8.141228175163269,8.197355592250824,4.961914253234863,7.5026694416999815,8.553036022186278,5.017375755310058,3.895110213756561,5.042291903495788,7.705786085128784,16.06700856685638,10.373590838909148,4.914693689346313,7.497529864311218,8.283003342151641,10.288693833351134,17.89007909297943,13.404310917854309,17.885546910762788,9.404248583316802,13.781186962127686,10.761684000492096,13.860792219638824,15.3275444149971,6.090553629398346,5.230108022689819,16.731820082664488,4.0032484292984005,8.158949863910674,7.232474374771118,6.169657373428344,13.672922909259796,8.67203505039215,3.9052448630332943,4.168521904945373,9.346441221237182,6.64380851984024,5.788816964626312,5.451519870758056,3.4517210602760313,11.075554788112639,4.100578224658966,4.423644864559174,16.521991848945618,5.067703080177307,6.02066639661789,6.882904493808746,6.657706236839294,7.6303156256675715,15.388142311573027,8.328596854209898,6.619021201133728,15.871984469890593,3.9515869855880736
35,8.932034552097319,4.967912793159485,17.819136905670163,5.295732176303864,9.446884393692017,9.934637975692748,6.595606732368469,7.9356913566589355,4.597457635402679,17.46673345565796,7.24015371799469,5.157346248626709,8.728721380233765,10.672986388206482,7.0385012388229375,8.470411312580108,5.806510484218597,8.76985640525818,7.153606700897217,7.360855066776275,8.996000444889068,10.939438927173615,4.275703823566436,7.560502398014068,6.733598375320434,14.097742640972138,10.872411811351775,8.364261710643767,7.74926723241806,5.109955751895905,8.371552181243896,9.403224623203277,9.901133811473846,5.954126715660094,15.762990617752074,14.348374807834624,10.979044210910796,5.840442287921905,5.8835569500923155,9.380209231376648,9.779256689548491,4.510019719600677,16.75453112125397,7.488723015785218,15.170220947265623,5.026356208324432,8.23804793357849,8.488757622241973,4.98618506193161,8.126501500606535,8.739350283145905,5.076689314842224,4.196301412582398,5.125082242488861,7.907040846347808,16.07576539516449,10.35694578886032,5.097526657581329,7.535279560089111,8.36783607006073,10.46292598247528,18.24708943367004,13.547488486766815,18.15817450284958,9.791793394088744,13.822525334358215,10.738202381134032,14.019934761524201,15.569150733947755,6.029161584377289,5.362863838672638,17.23520792722702,4.451351165771484,8.54284700155258,7.6685327887535095,6.439864504337311,13.797696733474732,9.37601729631424,4.054698932170868,4.376530075073242,9.661118686199188,6.9649711608886715,5.907288980484008,5.467424726486207,3.2210054516792295,10.943196475505829,4.355656385421753,4.56122487783432,16.788658761978148,5.285866546630859,6.33514643907547,7.069962859153748,6.981477963924408,7.995334184169769,15.590702688693998,8.679499435424804,6.872344028949738,15.85017865896225,3.8391294360160826
36,9.539490008354187,5.231993734836578,18.22690066099167,5.611255371570587,10.010646796226501,10.252091026306152,7.208260583877563,8.19231802225113,5.003048276901246,17.763196206092832,7.660733866691589,5.452983808517456,9.2221324801445,11.066788935661316,7.3504689812660216,9.053308534622193,6.1059154033660885,9.096816194057464,7.606439757347107,7.597818768024444,9.43625853061676,11.217264032363891,4.324391150474549,7.947162079811096,7.402898395061492,14.560355710983275,11.266820406913757,8.987308180332183,8.30384052991867,5.1758849143981935,9.011574041843415,9.80331916809082,10.206421899795531,5.915575456619263,16.073608803749085,14.760675394535063,11.568161511421204,6.054902124404907,6.023403346538543,9.907655644416808,9.729471504688263,4.907230949401855,17.07432659864426,8.200472927093504,15.608724105358124,5.450671291351318,8.775154972076415,8.936744523048402,5.452011561393738,8.286225247383118,8.810564208030701,5.495099377632141,4.287572312355041,5.384081995487214,8.274337875843047,16.41217898130417,10.588751697540282,5.588333511352539,8.185680770874024,9.008688259124757,10.577553308010101,18.923543608188627,13.956728434562683,18.627459800243376,10.124952733516693,14.096804237365722,10.928444850444794,14.217862927913664,15.82111622095108,6.549722373485565,6.009323489665984,17.699181139469147,4.497539782524109,8.967682695388794,7.957099151611328,6.839738690853119,14.097785103321074,9.399247515201568,4.4256254792213445,4.748232817649841,10.208560597896577,7.319994151592255,6.377283596992492,5.638439404964447,3.855649960041046,11.268409085273742,4.60848263502121,5.014506149291992,17.214225721359252,5.553223145008087,6.540052175521851,7.597894692420959,7.308463156223297,8.331471014022826,16.060902571678163,9.028962051868438,7.308835637569427,16.502114105224607,4.329881322383881
37,10.010313129425048,5.8414865136146545,18.860926628112793,6.126928770542144,10.477073061466216,10.424735474586486,7.532985937595368,8.886601936817168,5.32610718011856,18.13208709955215,8.232310318946839,5.902208292484283,9.785563027858734,11.219510376453398,7.741619062423705,9.2408132314682,6.581143057346344,9.473706567287445,8.1028200507164,8.14904659986496,10.014087975025177,11.290861737728118,4.65347421169281,8.170599114894866,7.881676495075226,14.7482293009758,11.502971065044402,8.979418861865996,8.674581861495971,5.652955377101898,9.261305153369904,10.312433445453644,10.889158463478088,5.976900720596314,16.52316998243332,15.072325360774993,12.122313332557678,6.552871489524842,6.614416146278381,10.417532491683959,9.924843907356262,5.1150303959846495,17.42176423072815,8.650954568386078,15.875814366340636,5.729124593734741,9.185864424705505,9.290299201011658,5.5792717933654785,8.841159296035766,8.785909914970398,5.754972541332245,4.620483529567719,5.733956623077392,8.81670310497284,16.64022270441055,10.456530499458314,5.835841965675354,8.382819187641143,9.215617430210113,10.883706915378571,19.548707807064055,14.372114312648772,18.940646290779114,10.608483231067657,14.497467517852783,11.135303640365601,14.317862570285797,16.268148255348205,7.005157732963562,6.1718503594398495,18.23927614688873,4.953685939311981,9.22541630268097,8.42825390100479,7.11817125082016,14.37793754339218,9.943608236312866,4.85672583580017,5.088176870346069,10.691350722312926,7.609611451625824,6.80713312625885,5.891495847702026,4.033141934871674,11.157444870471954,4.943965423107147,5.329721331596374,17.486708521842957,5.981866538524628,6.947307825088501,7.865999221801758,7.874769449234009,8.448748528957367,16.43534070253372,9.428095114231109,7.70065324306488,16.510718977451322,4.294173359870911
38,10.36994843482971,5.8028788566589355,19.056099486351012,6.12355191707611,10.787594640254973,10.758331847190856,8.031853210926055,8.91206294298172,5.629040014743805,18.729457640647887,8.515855121612548,5.990833640098572,9.954436206817627,11.486178386211394,8.17822746038437,9.48799774646759,6.8161290168762205,10.168653583526611,8.268360948562622,8.686885976791382,10.49766410589218,11.522710239887237,5.0306221604347225,8.516831362247466,8.021500360965728,15.170354211330414,11.730451059341432,9.781687796115875,9.211838483810425,5.988679265975952,9.814837157726288,11.012082958221434,11.2933620095253,6.385718524456024,16.747009444236753,15.182225584983826,12.597937262058258,6.786750078201293,6.841533827781677,10.55612018108368,10.162682330608368,5.270358395576477,17.77013952732086,8.908269441127777,16.445146250724793,5.8241735100746155,9.44705572128296,9.794771254062653,5.825987434387207,9.23563700914383,9.081570017337798,5.984306669235229,4.807789754867554,5.989969038963317,8.83050149679184,17.01708972454071,10.599514710903168,6.214873373508453,8.862278497219085,9.612343084812165,11.212250685691833,19.917073941230772,14.524552845954894,19.251284837722775,11.135164773464203,14.248167645931243,11.16272976398468,14.916932082176208,16.562887930870055,7.492268455028533,6.6920204043388365,18.571536195278167,4.914541959762573,9.570941805839539,8.883198475837707,7.599208402633667,14.689757418632508,10.271950209140776,5.077801477909087,5.300755536556244,11.128914105892182,8.006730818748473,7.154586827754975,6.140088140964508,4.460640454292298,11.385439705848693,5.208287250995635,5.54421169757843,17.743500423431396,6.36197440624237,7.233639788627625,8.080343866348267,8.187408447265623,8.93592643737793,16.72903380393982,9.826011753082275,8.055764162540434,17.082432091236115,4.801635980606079
39,10.585756874084472,6.263434612751007,19.530455577373505,6.37614129781723,11.16370656490326,10.886209845542908,8.126512050628662,9.326776671409608,5.858439862728119,19.232528471946715,8.93100265264511,6.5425811290740965,10.324588823318482,11.74732413291931,8.580178916454315,9.794898676872254,7.170972967147827,10.42437595129013,8.683224248886107,8.99346466064453,10.993251824378968,11.9122474193573,5.191838192939758,9.015978157520294,8.328174853324889,15.513778007030487,12.038480472564698,10.03353054523468,9.369539964199067,6.26718692779541,10.331915068626403,11.305357277393341,11.365076458454132,6.5182237982749935,17.203002595901488,15.607722115516662,13.265377128124236,7.207410848140716,6.9799662828445435,11.008109629154205,10.521493124961852,5.6979997754096985,18.067607092857358,9.293427646160126,16.7901491522789,6.202864181995392,9.7745649933815,10.059047102928162,6.440163767337799,9.629173851013183,8.935811293125152,6.21894474029541,5.11036295890808,6.177054619789123,9.442530500888825,17.42854447364807,10.724342846870421,6.421092689037323,9.256929385662078,10.066362953186035,11.480696344375609,20.47216234207153,14.844027841091156,19.928962397575376,11.425743615627288,14.555664360523224,11.558099961280822,15.166416788101195,17.086561775207517,7.858360266685486,6.960954165458679,19.16370050907135,5.407968235015869,9.848217678070068,9.262725746631622,7.819964921474456,14.988935244083404,10.39772970676422,5.131977641582489,5.536048913002014,11.551145541667937,8.353727757930756,7.5537421107292175,6.4963367700576775,4.752886927127838,11.644431900978088,5.564070248603821,5.87794154882431,17.981485974788665,6.63920248746872,7.576206147670746,8.538628184795378,8.517997431755065,9.36474972963333,17.274960780143736,9.895571386814117,8.583170652389526,17.170998203754422,5.126774454116821
40,11.148954474925995,6.632424449920654,19.986973977088926,6.988695919513702,11.523565411567688,11.335846436023711,8.729793071746826,9.550778138637543,5.951770436763764,19.51035866737366,9.236786496639251,7.024389946460723,10.948941051959991,12.163222408294677,8.8091539144516,10.380238020420073,7.111782336235046,11.156522631645203,9.093929922580719,9.502418899536131,10.986229109764098,12.010646533966064,5.376055002212524,9.264190304279326,8.779751193523406,15.6277756690979,12.145328629016877,10.113225829601287,10.015970695018769,6.688469016551971,10.570158374309539,11.734273266792297,12.075272345542906,6.8138301968574515,17.660205996036527,15.629791057109832,13.547131657600401,7.365871226787567,7.693998503684997,11.772433590888976,10.29615923166275,5.9510451555252075,18.477876794338226,9.811058294773101,17.351793396472928,6.121752858161926,10.336356663703919,10.563053047657013,6.917583060264587,9.980976819992065,9.126376497745513,6.796513450145721,5.353493595123291,6.424740469455719,10.078121840953827,17.683121287822722,10.988017451763154,6.540973091125488,9.919005274772644,10.769989073276518,11.644845473766326,20.986535048484804,15.128509569168092,20.349073040485383,11.687541806697846,14.756659185886383,11.727682816982268,15.401971125602723,17.52926145792007,8.225655710697174,7.207944083213806,19.535830569267272,5.3085778713226315,10.357644879817961,9.584983122348785,8.397248029708862,15.340500092506408,10.76255167722702,5.3561741232872,5.82028135061264,12.077093529701232,8.792608380317688,8.108722853660584,6.894698178768158,5.121146035194397,11.629573798179626,5.885029339790344,5.834778654575348,18.559777283668517,6.912012553215027,8.03087099790573,9.192906975746155,8.769918608665465,9.746831500530243,17.48046624660492,10.424024856090545,8.809236431121825,17.87463227510452,5.183079314231873
41,11.28550419807434,6.847359836101532,20.378791415691374,7.0978214025497435,12.018769657611847,11.329300439357757,9.092478895187377,9.968896615505217,6.370026183128357,20.289153015613557,9.688818669319152,7.080153429508209,11.359424412250519,12.381387913227082,9.423015451431274,10.59604477882385,7.932825243473053,11.389604508876799,9.461828470230103,9.60342732667923,11.669937205314636,12.342011082172395,5.9011066317558285,9.72514522075653,8.852772033214569,16.06738588809967,12.43958169221878,10.49763559103012,10.369389903545379,6.961436200141907,11.143870782852172,12.024940836429597,12.437872171401978,7.303025662899017,17.980888736248016,16.295636820793153,13.944384491443634,7.523265874385833,8.031640791893004,12.175676882266998,10.616143083572387,6.00755808353424,18.613220894336703,10.276559507846832,17.713408362865447,6.5772895336151125,10.716069841384886,11.057381832599638,7.123267018795013,10.485171043872832,9.111974596977234,6.9438549160957335,5.221724569797516,6.894184350967407,10.442439377307892,18.092976260185242,11.346069347858428,6.662387430667877,10.019256830215452,11.19491091966629,11.908101463317871,21.45844633579254,15.560184144973755,20.415563452243806,12.323110508918763,14.92450180053711,11.7674689412117,15.62278709411621,17.81754001379013,8.50870177745819,7.935963284969329,20.094994890689847,5.859511196613312,10.848509955406188,10.084290754795076,8.288156616687775,15.914356684684751,11.218577551841735,5.42269389629364,6.298517858982086,12.678875327110289,9.233851456642151,8.425251317024232,7.53217476606369,5.393725693225861,11.576087880134581,6.362269306182861,6.412090170383453,18.87363265752792,7.198366093635559,7.957429230213164,9.474355840682982,9.269180941581725,10.212511277198791,18.063300788402554,10.793655669689178,9.039198219776154,18.26433551311493,5.6516933798789974
42,12.008901500701903,7.140811824798584,20.734816181659696,7.379592418670653,12.61570163965225,11.732004594802858,9.670768475532531,10.33383560180664,7.026994180679321,20.596794986724852,10.20633760690689,7.502164041996002,11.77562631368637,12.713363206386566,9.568495953083039,11.256671369075775,8.19139837026596,12.086231660842895,9.891362118721007,10.292864274978639,12.226785969734191,12.624628913402557,6.282725214958191,10.180001759529114,9.396350479125976,16.276749193668365,12.942138254642487,11.0826580286026,10.96144757270813,7.279602587223053,11.63673689365387,12.591135561466217,13.122897863388062,7.607938146591186,18.602880823612214,16.731018579006193,14.69669350385666,7.841857528686523,8.21192545890808,12.790249705314636,10.763379168510436,6.37360121011734,19.067549419403075,10.621056699752808,18.291450130939484,6.987177073955536,10.993390679359436,11.283658301830291,7.4205910682678216,10.85416612625122,9.087349784374238,7.374330508708954,6.129001402854919,7.175581991672516,10.911300814151764,18.51020655632019,11.541264629364013,6.901016438007355,10.503954887390137,11.666526675224304,12.38740781545639,21.91658194065094,15.895829093456268,21.06003950834274,12.62106395959854,15.207617318630218,12.146511089801788,16.027795803546905,18.175211310386658,9.316780471801758,8.059190809726715,20.534482955932617,6.0301494002342215,11.184467351436615,10.538102066516876,8.909233915805817,16.18822828531265,11.545117449760438,6.089508521556854,6.596953880786895,13.067922449111938,9.451535105705261,8.818933796882629,7.803937768936157,5.720161390304566,11.767104792594909,6.6558233261108395,6.682158911228179,19.15673418045044,7.4447425365447994,8.540981113910675,9.934936046600342,9.560832977294922,10.70352439880371,18.181068181991577,11.43246830701828,9.719163739681242,18.431680524349215,5.93136625289917
43,12.577031356096267,7.662319380044937,21.273918324708937,7.709466880559921,13.150698620080949,11.740209752321242,9.992344504594803,11.020234924554826,7.311592775583267,20.912620347738265,10.470721966028213,7.889512103796005,12.210423117876053,13.07886943221092,10.285044246912003,11.527207249402998,8.67903681397438,12.684764260053635,10.213927835226059,10.733814829587935,12.715730994939802,12.850057727098465,6.667652374505997,10.504373544454575,9.851084154844283,16.758480757474896,13.267507296800613,11.682035130262374,11.40926768183708,7.599828583002091,12.138776832818985,13.071301192045212,13.471101528406143,7.9581735789775845,18.96546328663826,17.176408296823503,15.253495758771896,8.209911900758744,8.604147082567215,13.24563301205635,11.07173860669136,6.949238353967667,19.59904342293739,11.011318999528884,18.77466452717781,7.36696646809578,11.428241795301437,11.840978902578355,7.945794993638993,11.102975362539292,9.090649151802063,7.503485077619553,6.242902141809463,7.474116879701614,11.448252397775649,18.556430834531785,11.937593072652817,7.363199788331985,11.092159217596054,12.129685097932816,12.788503438234327,22.49062446951866,16.16857135891914,21.354058533906933,13.097287052869797,15.546411114931106,12.47889454960823,16.487671130895613,18.72357744574547,9.641935437917708,8.546706336736678,20.887944215536116,6.543992155790329,11.607518070936203,10.891098290681837,9.084499841928482,16.77341962456703,11.85630766749382,6.205191057920456,7.049792462587356,13.778034645318986,9.897283917665481,9.112050038576125,8.119015842676163,6.358127182722091,12.033905583620072,7.027477163076401,6.75566343665123,19.627956384420397,8.13015175461769,8.962294548749922,10.483078402280807,10.11970903277397,11.242437881231307,18.578537827730177,11.87107110619545,9.83668434023857,19.117689102888107,6.5609936773777005
44,12.859244149923324,7.715236455202103,21.54148579239845,8.213041728734972,13.254743975400926,11.803436499834062,10.245852988958358,11.067554682493208,7.595197993516922,21.216796225309373,10.731435281038284,8.113167816400527,12.55282811522484,13.21296060681343,10.347740346193312,11.566123324632644,8.819990783929825,12.764734119176865,10.428170555830002,10.933557838201523,13.07619612812996,13.017136496305467,6.912827163934708,10.619614857435227,10.211655420064927,16.91184576153755,13.605283826589584,12.11416634917259,11.58058118224144,7.883155578374862,12.245848041772843,13.566262620687484,13.985667997598648,7.957721382379532,19.187776392698286,17.207901567220688,15.866107445955276,8.444876366853713,8.967977565526962,13.89273788332939,11.004514068365097,7.4124110519886015,19.815335136651992,10.914671283960342,19.084789437055587,7.618265372514725,11.664358979463577,12.198371809720992,7.97555574774742,11.509661942720413,9.090649151802063,7.931387096643448,6.269390171766281,7.638783651590347,11.67674223780632,18.86046934723854,11.966695529222488,7.3995427072048185,11.225437265634536,12.38223084807396,12.869434195756913,23.088310462236404,16.428800541162488,21.54715409874916,13.51126007437706,15.63015108704567,12.58163360953331,16.82858124375343,19.050226777791977,9.80783708691597,8.778641134500504,21.118636947870254,6.535227972269058,11.979491072893143,11.368912237882615,9.378263956308365,16.87120893597603,12.26646381020546,6.279135268926621,7.4335117638111115,13.719614547491073,10.096286004781723,9.359854739904403,8.285495656728743,6.238613086938858,12.234247845411302,7.209112960100174,7.4949654042720795,19.798880106210706,8.348500961065293,9.272111743688583,10.64909718632698,10.17232282757759,11.505868381261825,19.040130811929703,12.124268692731857,10.370081299543381,19.29019852280617,6.732611101865769
45,13.471325504779815,8.367022144794463,21.992625164985654,8.676517689228056,13.866351234912873,12.199190771579742,10.66399302482605,11.48183616399765,7.91760424375534,21.788263940811156,11.26294057369232,8.729273998737336,13.037798821926117,13.597744357585908,10.945659685134887,12.29202516078949,9.242963767051696,13.22679934501648,10.888977694511413,11.574158906936646,13.81580126285553,13.353654050827027,7.329871237277985,11.127837789058685,10.55408284664154,17.118199467658997,13.868600034713744,12.626925468444824,12.199571192264557,8.190069627761842,12.935563671588898,13.976059532165527,14.5091681599617,8.609960901737214,19.64879386425018,17.578884983062743,16.394018220901486,8.766545748710632,9.370222055912018,14.207855558395385,11.41388063430786,7.932217979431152,20.348563396930697,11.667406272888183,19.63314974308014,8.262868118286132,12.065355134010314,12.528398752212524,8.49387755393982,11.796242344379426,9.090649151802063,8.682819652557374,6.53361759185791,8.08444286584854,12.095762503147125,19.149156761169433,12.175898325443269,7.8993228554725645,11.808846724033355,12.862856030464172,13.187705135345459,23.584486615657806,16.812804114818572,21.972730219364166,13.95378066301346,15.982359409332275,12.873723864555359,16.94330981969833,19.66464713811874,10.371288764476775,9.037825345993042,21.718563902378083,6.971200919151306,12.311193442344665,11.68062355518341,9.70981216430664,17.31161184310913,12.78504273891449,6.67679762840271,7.965670096874237,14.375307047367096,10.676213479042053,9.860047018527984,8.627491354942322,6.922821354866028,12.198935562372208,7.434420680999756,7.671039950847626,20.220031678676605,8.961746609210968,9.701015126705169,11.00608148574829,10.684292447566985,12.010709345340729,19.39784731864929,12.89464030265808,10.914798736572266,19.595196354389188,7.200999784469604
46,13.83821390271187,8.779707950353622,22.579258853197096,8.916524273157119,14.225617116689682,12.479902571439743,11.345935577154158,11.658685582876206,8.153867942094802,22.010344129800796,11.476498311758041,8.999471324682236,13.555748397111893,13.982281810045242,11.138799279928206,12.524025350809096,9.580964738130568,13.522850972414016,11.21452310681343,11.899412482976913,13.997812420129776,13.776124984025955,7.731259125471115,11.487546330690384,10.944429165124893,17.526624077558516,14.25878320336342,13.156593793630599,12.674598759412765,8.653822404146194,13.442971736192703,14.481003814935685,14.882035237550737,8.815451294183731,19.974211329221724,17.73987804055214,16.762791162729265,9.234891957044601,9.571677416563032,14.746990782022477,11.645451980829238,8.239171677827835,20.66881719231605,11.928908926248551,19.978833657503127,8.62663282752037,12.527122730016709,12.90688583254814,8.977615767717362,12.24650405049324,9.090649151802063,8.849356621503828,6.925136393308639,8.621538561582565,12.65743312239647,19.435736924409866,12.405040138959885,8.265636295080185,12.210649687051772,13.288364106416703,13.373526841402054,24.08052369952202,16.9516874730587,22.652897685766217,14.252569729089736,16.39895377755165,13.06853296160698,17.385134333372115,19.90163250565529,10.821997278928755,9.697456246614456,22.06699249148369,7.395395213365554,12.817487329244614,12.13893774151802,10.385569590330123,17.64317038655281,13.233375877141953,7.106664139032364,8.202602833509443,14.745361965894698,11.004546505212783,10.209007579088212,8.970092779397964,7.182331317663192,12.448781645298004,7.7494846999645235,8.16145163178444,20.51550331711769,9.199695295095443,10.039272361993788,11.250720804929733,11.214091378450393,12.564939564466476,19.81769581437111,13.48724485039711,11.195996147394181,19.849622756242752,7.4297275841236115
47,14.568021136522292,9.118740731477736,22.73165426850319,9.141195172071457,14.546160799264907,12.60781517624855,11.548047953844069,12.087997478246688,8.640862876176833,22.29159571528435,12.092898947000503,9.39711256623268,14.051155537366865,14.238539654016494,11.412572652101515,12.921963220834732,10.03440826535225,14.062008517980576,11.514422076940535,12.427777582406996,14.507257515192032,14.20965626835823,7.899834126234055,12.00905528664589,11.479696196317672,17.575835675001144,14.663481241464615,13.52865964770317,13.324920517206191,8.789530998468399,13.759346610307693,14.723208159208298,15.439388412237166,9.109770053625105,20.601993364095687,17.97732030749321,17.276201337575912,9.423480564355849,10.356372421979904,15.292593747377396,11.792351442575455,8.963946694135664,21.17807210087776,12.44262998700142,20.49338874220848,8.591455203294755,12.882162088155745,13.41548768877983,9.508237260580062,12.398083633184433,9.090649151802063,9.19748495221138,7.340396064519882,9.017828422784806,13.087066906690596,19.73095824122429,12.752901917695999,8.685787159204482,12.551541906595231,13.659799498319627,13.837651842832564,24.499734741449355,17.32232714295387,22.511126273870467,14.825953501462937,16.657576936483384,13.479515379667282,17.525315541028977,20.49671773314476,11.370587414503097,9.775987476110458,22.595852190256117,7.2716546118259435,13.002588611841201,12.49343916773796,10.49785435795784,17.792836517095566,13.58870283961296,7.548010081052779,8.763836842775344,15.163074833154678,11.68830788731575,10.51862990260124,9.516163057088852,7.604492300748825,12.469778341054916,8.167703574895858,8.807110184431076,20.75193720459938,9.794811517000198,10.521143120527267,11.624175411462783,11.271307331323623,12.809553772211075,20.00904052853584,13.8527856528759,11.68618636727333,20.347178679704665,7.667159110307693
48,14.786705988645553,9.51365604996681,23.172410947084426,9.621093100309372,15.332843536138533,13.010788637399672,11.968312174081802,12.527320486307145,9.173219794034956,22.87264538407326,12.416896206140517,9.778554314374922,14.404608088731766,14.555365496873856,11.643328773975371,13.534207850694656,10.568982928991318,14.668419033288956,12.161582654714584,12.72700895667076,15.100966435670852,14.365864044427871,8.289231902360916,12.436527162790298,12.067708724737168,18.091035705804824,15.040265518426894,14.056868928670884,13.682065886259078,9.279037100076675,14.253192406892776,15.279057651758192,15.799426859617233,9.556715542078017,21.037720042467118,18.399968737363817,17.592566400766373,9.754658693075179,10.634360033273698,15.759382325410842,12.035906863212585,9.150116819143294,21.614241319894788,13.044285327196121,20.895331472158432,8.900795084238052,13.451438874006271,13.758004957437516,9.77003429532051,12.797267252206801,9.310686939954758,9.532207113504409,7.444694596529007,9.14744982123375,13.592318731546401,20.037811201810836,12.919827246665953,9.118553847074509,13.010925501585007,13.998995202779769,13.888585525751113,25.034273701906205,17.79901679158211,23.050845819711686,15.129054111242294,16.89299423098564,13.727829438447952,17.97690278887749,20.921908181905746,11.88221099972725,10.194583052396775,22.807880169153215,7.791679960489272,13.369439166784286,12.988705724477768,11.032853037118912,18.213346964120863,14.11311269402504,7.713739126920699,8.988772362470627,15.593055528402328,11.989180558919907,11.12649285197258,9.690990310907363,7.9006402552127835,12.410618817806244,8.718439418077468,9.023789244890212,21.194333404302597,10.14289556145668,10.984526079893111,12.051576310396195,11.843701976537703,13.434397917985915,20.47605647444725,14.277884823083877,12.295610040426254,20.655977541208266,8.075912660360336
49,15.345663732290268,9.931348758935927,23.695955497026443,9.916372007131576,15.874706012010574,13.154749709367751,12.38709506392479,12.760510259866715,9.476424044370651,23.32235170006752,12.902180582284926,10.174900597333908,14.942808800935744,14.983323925733567,12.243235409259794,13.890020185709,10.922252613306044,15.175684934854507,12.475400942564011,13.091503971815108,15.662366575002668,14.86959120631218,8.690703886747361,12.871115893125534,12.480257254838943,18.35816630721092,15.325825530290603,14.610588544607161,13.89907518029213,9.444494837522505,14.5543743789196,15.685849434137344,16.460137981176374,9.801693302392959,21.468220943212508,18.793183904886245,18.111404699087142,10.300865417718887,10.981387668848038,16.353560894727707,12.45671272277832,9.604637914896012,22.106671041250227,13.55691230893135,21.538915342092512,9.359217101335526,13.9019240796566,14.063996511697768,10.235878139734268,13.381464463472367,9.205907040834427,9.834801739454269,7.753720277547837,9.439557093381882,13.940199941396711,20.228394025564192,13.26032966375351,9.34862877726555,13.528373152017593,14.389084643125534,14.138349586725235,25.654738134145735,18.04470720887184,23.26493083834648,15.63126786351204,17.26215390563011,13.747401183843612,18.368686443567277,21.442212182283402,12.141684526205063,10.838734310865402,23.286788326501846,7.927421426773071,13.793232530355453,13.512082260847091,11.469644743204118,18.6795861184597,14.806516200304031,8.167407375574111,9.419045633077621,15.944353181123734,12.367846792936325,11.436872977018357,9.979171723127365,8.208660048246383,12.689818060398101,8.990739732980728,9.314805489778518,21.553269845247268,10.628991979360581,11.124399513006209,12.521424597501754,12.355742901563643,13.783520239591597,20.754590421915054,14.813410073518751,12.659392589330672,20.914498728513717,8.58654460310936
50,15.897943747043609,10.285385012626646,24.14044507741928,10.317546975612641,16.21608313322067,13.421814656257629,12.739604866504669,13.223352193832397,9.994933378696443,23.692954540252686,13.331448435783386,10.496381509304047,15.314258921146392,15.203913557529448,12.582602620124815,14.266778564453125,11.32049697637558,15.831217777729034,12.70550410747528,13.545427799224854,16.092113816738127,15.116210293769836,8.913299882411957,13.293218874931336,12.552979981899261,18.72055146694183,15.559304678440093,14.982013618946075,14.66744886636734,9.634386217594146,14.809739470481873,16.336249113082882,16.829478645324706,10.383057129383086,21.958307826519015,19.14350893497467,18.628761196136473,10.785888600349427,11.428401803970337,16.564558315277097,12.5724729180336,10.085446453094482,22.51248137950897,13.797469079494475,21.843863940238954,9.778375995159148,14.146374702453613,14.593797636032104,10.687294161319732,13.782914078235626,9.21638503074646,10.172540521621704,8.258590745925904,9.857124638557433,14.236395871639251,20.549239206314084,13.374017369747161,9.646836781501769,13.797474741935728,14.89884649515152,14.392661643028259,25.95251613855362,18.142702186107638,23.887905836105343,16.18968260288238,17.502496421337128,13.90097781419754,18.668350422382353,21.833443498611448,12.785359597206115,11.260173118114471,23.77759014368057,8.30811147093773,14.324297153949736,13.78394557237625,11.707720148563384,18.950418186187743,15.319428193569182,8.523314523696898,9.737388503551482,16.295167255401612,12.831657242774963,11.56342281103134,10.359265470504761,8.758544719219207,13.081680512428283,9.47947436571121,9.561713004112242,21.962217152118683,11.112027537822723,11.505361413955688,12.840726315975187,12.698014438152311,14.226493525505067,21.160855197906493,15.392839896678925,13.08268278837204,21.173918986320494,8.69211140871048
